age,annual_income,existing_loans,loan_amount,debt_to_income,late_payments_last_year,credit_history_years,employment_years,creditworthy
59,64346.35,1,10867.09,0.1689,2,23,1,0
49,41079.0,0,6813.97,0.0,0,15,26,1
35,46807.5,3,17240.36,1.105,1,8,31,0
63,29569.89,0,500.0,0.0,1,6,9,0
28,25829.66,0,992.2,0.0,1,10,16,0
41,20343.89,1,13580.06,0.6675,0,8,32,1
59,31722.55,1,15659.53,0.4936,2,16,5,0
39,68288.43,0,12045.45,0.0,0,29,17,1
43,21709.09,1,2364.51,0.1089,0,8,8,0
31,40446.96,0,8456.87,0.0,0,2,7,1
31,25602.82,1,18129.67,0.7081,0,21,24,0
44,35985.39,2,19654.25,1.0923,2,7,30,0
56,47545.41,0,14870.22,0.0,2,18,3,0
60,34498.26,1,24254.67,0.703,1,19,19,0
44,61344.97,4,18179.18,1.1854,1,15,27,0
23,68009.67,0,9020.35,0.0,0,6,0,1
42,11263.56,1,12755.98,1.1324,2,27,22,0
22,34755.12,1,3777.07,0.1087,1,6,12,0
44,45887.13,0,14134.89,0.0,1,19,15,1
64,61891.76,1,23896.8,0.3861,2,24,25,0
50,38186.34,4,20482.32,2.1455,1,12,30,0
58,44700.97,1,26216.07,0.5865,0,2,0,0
22,27648.84,1,12576.92,0.4549,3,11,16,0
41,22008.06,1,25768.8,1.1708,0,23,15,0
53,66680.77,1,13453.57,0.2018,1,7,9,0
32,17638.95,1,26772.68,1.5177,1,12,30,0
42,79929.29,3,14825.15,0.5564,1,19,9,1
64,55877.27,1,20657.85,0.3697,0,15,33,1
45,55199.6,1,26800.9,0.4855,0,6,5,1
47,53632.03,2,13452.58,0.5017,1,3,27,0
62,41209.71,0,16747.11,0.0,0,28,27,1
48,50881.27,1,25310.91,0.4974,1,11,12,0
36,42166.55,1,13935.97,0.3305,1,16,11,1
35,53296.1,0,4432.86,0.0,0,0,1,0
64,44494.7,3,32144.06,2.1672,1,29,7,0
23,30744.78,2,11241.88,0.7313,0,16,8,0
57,31941.41,2,16270.05,1.0187,0,1,7,0
27,30235.91,0,24248.05,0.0,1,5,2,0
41,59563.51,1,10132.05,0.1701,1,11,8,0
29,35738.3,1,6937.06,0.1941,0,25,12,1
59,16318.45,2,17029.9,2.0871,1,10,8,0
38,50952.58,0,655.39,0.0,1,20,30,1
24,67717.76,0,12696.75,0.0,1,10,24,1
45,56596.25,2,16960.31,0.5993,1,17,7,0
34,35950.15,1,12840.38,0.3572,0,7,30,1
29,21197.82,2,2652.39,0.2502,0,24,30,1
46,42985.98,1,27753.42,0.6456,0,6,16,0
22,42611.64,0,15828.31,0.0,0,27,18,1
40,30462.01,0,26449.22,0.0,1,13,2,0
48,53265.56,0,12919.71,0.0,2,15,29,1
27,72699.4,1,7959.9,0.1095,0,11,9,1
64,48334.24,1,17153.45,0.3549,1,8,28,0
28,47407.14,0,13273.7,0.0,1,19,17,1
55,30941.58,2,5577.91,0.3605,0,28,11,1
34,65961.22,2,26758.27,0.8113,1,22,22,0
37,43872.84,1,10021.84,0.2284,2,20,10,0
56,36315.55,0,500.0,0.0,0,15,8,1
60,45955.33,1,25625.33,0.5576,1,20,23,0
24,52079.42,2,10965.62,0.4211,0,18,24,1
22,47088.23,1,10137.41,0.2153,1,15,24,1
26,63092.3,3,876.9,0.0417,0,8,8,1
62,50759.57,3,28927.53,1.7096,0,12,11,0
24,40740.87,0,4684.16,0.0,1,25,10,1
49,51017.88,0,15467.6,0.0,1,4,27,1
38,52494.56,0,22300.96,0.0,2,21,7,0
46,25554.36,2,18373.74,1.438,0,18,9,0
64,62241.3,0,14522.77,0.0,0,9,24,1
54,40486.44,1,1386.67,0.0342,1,6,8,0
30,40870.15,2,8522.2,0.417,0,8,7,0
56,56270.64,0,16502.4,0.0,1,24,2,1
34,56207.48,0,8702.61,0.0,0,13,17,1
51,34487.52,3,16626.88,1.4463,0,14,34,0
35,57043.52,1,20453.95,0.3586,1,12,16,1
28,36593.28,1,22700.02,0.6203,0,9,27,0
34,72293.6,0,5190.57,0.0,0,13,14,1
43,32577.09,1,32573.17,0.9998,0,25,18,0
60,48592.16,0,21139.83,0.0,1,20,21,1
41,33269.74,0,14986.29,0.0,1,22,5,1
36,78340.43,3,23716.29,0.9082,1,28,6,0
38,26432.69,1,33923.26,1.2833,1,11,8,0
44,52865.44,1,3490.24,0.066,0,27,19,1
46,33976.34,1,13197.9,0.3884,2,28,10,0
45,39688.39,0,500.0,0.0,1,18,1,0
61,51803.07,0,16541.21,0.0,1,5,21,1
49,63368.77,1,17923.15,0.2828,1,11,4,1
35,69350.95,0,14686.7,0.0,0,23,6,1
21,21945.78,2,9763.73,0.8898,1,12,5,0
45,49016.27,4,500.0,0.0408,0,7,21,1
27,66892.4,1,17988.27,0.2689,1,15,9,1
29,19720.34,2,26643.48,2.702,0,1,19,0
44,49715.75,0,10271.85,0.0,0,21,27,1
21,44968.74,1,18520.48,0.4118,1,6,22,0
64,51218.13,2,2454.85,0.0959,2,11,34,1
28,33415.44,3,18657.7,1.675,2,6,0,0
44,23465.72,1,11852.94,0.5051,1,18,28,0
31,16303.4,0,8900.66,0.0,2,13,8,0
37,59645.76,0,8917.09,0.0,0,29,8,1
28,61560.74,1,11851.11,0.1925,0,8,21,1
55,49540.28,1,18059.47,0.3645,0,17,1,0
55,36987.77,0,4502.69,0.0,0,10,15,1
53,20654.31,1,11823.08,0.5724,2,15,5,0
25,53450.18,1,14668.23,0.2744,2,18,12,0
62,28488.31,1,6207.69,0.2179,1,10,32,1
59,34330.52,0,29373.32,0.0,2,17,18,1
61,36201.54,0,8172.04,0.0,1,10,14,1
48,42036.97,2,9644.5,0.4588,0,24,32,1
27,33614.39,2,7173.54,0.4268,1,3,9,0
29,45501.88,2,29387.84,1.2917,0,17,0,0
28,35672.73,1,19423.24,0.5445,3,18,11,0
32,55520.6,4,7507.26,0.5409,0,12,28,0
54,60465.94,1,23849.85,0.3944,1,3,16,0
53,46628.14,0,16605.59,0.0,1,29,3,1
43,51939.4,2,17058.03,0.6568,4,9,28,0
44,76767.84,1,12244.18,0.1595,2,28,6,1
57,27410.95,1,9004.67,0.3285,1,21,12,0
55,26497.98,2,17702.13,1.3361,1,4,4,0
64,55424.97,1,10639.3,0.192,0,2,5,1
60,74198.14,2,29534.05,0.7961,1,15,33,0
42,41092.52,1,4845.67,0.1179,0,25,6,1
47,70902.51,0,27289.25,0.0,0,7,27,1
55,46446.51,2,14109.45,0.6075,0,23,9,1
21,34786.69,0,17392.69,0.0,0,6,3,1
55,30139.61,1,21665.26,0.7188,3,18,2,0
57,54441.2,0,9958.01,0.0,0,13,24,1
34,31275.61,2,21913.99,1.4013,2,14,22,0
23,46219.15,1,500.0,0.0108,3,16,26,0
21,68751.98,0,9240.08,0.0,1,20,13,1
25,40398.29,2,7607.5,0.3766,0,0,31,1
46,64710.14,1,4971.95,0.0768,0,5,22,1
34,26781.85,1,13280.36,0.4959,0,26,2,1
59,36991.36,4,18086.0,1.9556,0,22,34,0
47,23892.84,1,20621.28,0.863,0,14,12,0
29,46094.95,1,16927.01,0.3672,3,11,33,0
35,56701.17,1,9674.45,0.1706,2,20,23,1
35,46127.81,1,17952.13,0.3892,2,19,0,0
46,63405.75,1,15994.29,0.2522,2,1,11,0
62,33762.31,0,22488.45,0.0,0,4,7,1
33,48380.14,2,21215.49,0.877,0,8,18,0
52,37087.96,1,15243.81,0.411,0,19,8,1
59,50425.15,2,7821.98,0.3102,1,13,27,0
52,52556.04,2,9776.4,0.372,0,17,13,1
24,53735.94,0,10601.69,0.0,1,28,26,1
50,28941.08,0,12477.87,0.0,0,21,17,1
57,31653.81,0,17144.4,0.0,0,7,5,1
43,34435.68,1,20721.4,0.6017,1,1,32,0
59,41416.79,0,14591.05,0.0,0,8,24,1
35,46307.8,4,15129.0,1.3068,0,6,12,0
63,55621.34,1,16146.45,0.2903,2,29,22,0
49,32278.52,2,10872.76,0.6737,0,28,32,1
56,20984.71,1,7596.86,0.362,1,17,20,0
33,77336.15,2,956.5,0.0247,0,26,33,1
52,28028.2,1,9438.81,0.3367,2,15,16,0
27,57544.86,1,18785.16,0.3264,3,20,9,0
42,45469.0,3,9376.71,0.6187,0,4,22,0
48,48769.58,2,13097.54,0.5371,1,22,1,0
22,44976.74,1,18731.45,0.4165,2,28,34,1
62,39227.37,1,19165.52,0.4886,1,14,13,1
26,51959.58,0,6363.74,0.0,2,4,1,1
48,38421.19,1,22976.47,0.598,1,10,18,0
48,62494.54,1,24018.8,0.3843,1,29,15,1
64,53526.62,2,5961.2,0.2227,0,21,24,1
64,53993.91,0,8409.31,0.0,1,13,0,1
40,37393.15,1,24528.73,0.656,0,24,1,0
50,41454.68,3,13825.17,1.0005,0,18,26,0
31,27181.31,3,500.0,0.0552,0,2,1,0
48,39704.76,2,3802.55,0.1915,3,23,29,1
45,29451.36,3,13005.04,1.3247,1,9,9,0
59,64696.03,2,5695.66,0.1761,1,27,18,1
53,45758.04,0,11692.61,0.0,0,5,15,1
21,47557.46,2,15259.17,0.6417,1,27,12,0
47,41622.8,0,26698.04,0.0,2,25,7,1
33,47963.68,1,12676.37,0.2643,0,2,30,1
61,81973.16,1,23580.33,0.2877,2,1,24,1
23,40497.9,0,26430.08,0.0,0,12,20,1
59,35243.8,0,26474.48,0.0,1,17,28,1
26,52945.4,1,17278.04,0.3263,0,1,5,1
28,10000.0,1,500.0,0.05,0,14,17,1
47,45959.35,1,18686.6,0.4066,4,4,34,0
29,39424.31,1,23387.2,0.5932,0,14,26,0
57,30115.3,1,14351.46,0.4765,1,27,4,0
53,52616.37,0,28956.67,0.0,1,20,6,1
62,45809.83,2,21878.67,0.9552,0,16,9,0
64,17963.87,2,19546.19,2.176,2,1,9,0
44,35302.06,0,23691.05,0.0,1,17,27,0
35,10000.0,0,17666.96,0.0,0,14,9,1
52,49399.04,0,500.0,0.0,1,19,34,1
52,49249.49,2,11006.89,0.447,1,22,34,0
44,33100.77,2,24577.34,1.485,1,2,19,0
61,53101.69,0,8539.27,0.0,0,4,12,1
32,25762.52,0,13212.22,0.0,0,10,10,1
59,30502.24,0,6641.31,0.0,2,8,18,0
22,51257.86,0,29271.38,0.0,1,4,27,1
23,34670.0,1,28451.94,0.8206,0,24,3,1
57,44060.15,2,7929.05,0.3599,1,0,18,0
37,36545.26,1,16178.38,0.4427,3,24,13,0
22,38836.03,1,9556.05,0.2461,2,13,30,0
22,39491.64,0,19919.56,0.0,2,4,27,0
48,34398.65,0,19077.46,0.0,3,7,18,0
43,49536.75,2,21493.64,0.8678,2,20,0,0
57,35581.07,1,17655.35,0.4962,1,13,22,0
52,45235.3,0,38483.25,0.0,1,27,27,1
53,34069.02,1,6776.61,0.1989,0,15,3,1
21,21985.52,0,1315.17,0.0,0,5,17,1
39,58686.53,3,11855.28,0.606,1,7,24,0
22,52492.9,1,2456.09,0.0468,0,1,17,1
64,79330.23,0,3060.3,0.0,1,18,5,1
46,29340.41,0,6989.48,0.0,2,26,18,1
52,41865.59,2,7622.49,0.3641,0,8,11,1
26,43072.39,2,7363.06,0.3419,2,4,24,0
52,59840.54,0,19145.75,0.0,2,4,34,1
24,37393.38,1,10950.49,0.2928,0,24,0,1
31,27434.37,1,13563.88,0.4944,0,25,4,0
37,63117.14,2,22153.86,0.702,0,18,0,1
58,40250.25,1,8869.42,0.2204,2,29,7,0
44,58179.65,1,12883.63,0.2214,1,3,17,0
25,56432.98,1,17926.08,0.3176,0,15,8,1
54,44551.64,2,500.0,0.0224,1,15,4,1
26,42385.29,3,500.0,0.0354,0,15,3,1
42,39126.53,1,17768.94,0.4541,0,6,28,1
31,44772.1,1,18936.11,0.4229,0,17,0,1
36,57946.5,1,31513.76,0.5438,2,23,29,0
53,33053.4,1,16264.76,0.4921,0,20,0,1
29,46632.68,1,21557.92,0.4623,2,0,2,0
26,28220.53,0,13436.22,0.0,0,2,21,1
36,30088.41,0,17377.82,0.0,2,24,7,1
49,44535.92,4,28338.05,2.5451,1,20,17,0
23,15597.63,1,500.0,0.0321,1,7,24,1
40,75908.38,1,18308.93,0.2412,1,0,19,0
56,27104.1,1,32084.69,1.1837,0,29,30,0
39,44398.67,1,17256.27,0.3887,0,6,29,1
46,62523.27,1,28204.58,0.4511,1,6,15,0
23,32056.42,1,9966.3,0.3109,0,7,1,0
39,10459.55,1,14743.62,1.4095,0,18,16,0
40,38325.81,1,15268.2,0.3984,1,16,9,0
52,31877.69,1,500.0,0.0157,0,10,6,1
27,10854.4,3,5654.58,1.5627,0,14,8,0
61,49273.35,1,6225.0,0.1263,2,8,16,0
53,48106.41,0,21576.53,0.0,2,16,8,0
60,62134.9,0,21977.22,0.0,1,10,8,1
59,28187.66,1,17592.29,0.6241,0,5,23,0
38,21012.95,1,21592.82,1.0275,1,8,10,0
60,38899.15,0,13686.8,0.0,0,29,7,1
21,43674.86,1,24615.45,0.5636,0,17,24,1
31,58820.24,1,15070.31,0.2562,1,19,1,1
48,66158.52,2,15462.91,0.4674,2,1,9,0
45,63217.19,1,12875.26,0.2037,0,3,23,1
43,49148.16,2,20475.6,0.8332,1,17,15,0
51,56992.49,2,11630.41,0.4081,0,27,18,1
50,35392.6,0,22811.45,0.0,0,0,30,1
62,47525.93,3,5942.81,0.3751,1,10,10,0
55,27130.65,2,6208.67,0.4577,0,2,5,0
27,45940.28,2,20499.41,0.8924,0,7,5,0
36,46329.7,0,14291.65,0.0,0,4,31,1
46,70831.93,0,11368.87,0.0,2,19,12,1
22,41565.26,0,22120.46,0.0,0,20,2,1
21,46350.64,1,10141.91,0.2188,0,21,34,1
32,48554.42,1,13398.39,0.2759,1,21,16,0
25,38177.7,1,26193.82,0.6861,1,4,2,0
57,32962.61,0,27313.14,0.0,1,27,33,1
52,64482.17,0,27579.19,0.0,0,10,11,1
29,30286.24,1,12742.99,0.4207,1,11,23,0
61,25081.23,0,24845.62,0.0,0,21,5,1
55,55203.98,2,7408.38,0.2684,1,8,10,0
39,62367.22,4,7744.78,0.4967,0,20,26,1
36,38228.86,0,500.0,0.0,0,12,23,1
23,38459.2,2,28382.95,1.476,1,21,17,0
40,49238.15,4,8088.16,0.6571,1,19,26,0
44,34382.21,0,13987.74,0.0,0,28,20,1
53,33274.31,1,7717.41,0.2319,0,2,33,0
44,58193.89,0,20561.32,0.0,1,12,32,1
31,54106.97,1,11994.93,0.2217,0,27,17,1
28,64667.38,0,4561.46,0.0,0,21,2,1
56,26211.16,0,18533.3,0.0,1,10,23,1
58,37463.06,2,3530.16,0.1885,1,10,0,0
60,49217.69,0,8300.75,0.0,0,20,5,1
40,31115.69,2,500.0,0.0321,1,19,18,1
55,54625.31,1,3608.34,0.0661,3,20,21,0
45,63369.41,3,16428.23,0.7777,1,6,7,0
55,36249.63,4,500.0,0.0552,2,16,4,0
45,45578.88,0,3150.83,0.0,0,15,8,1
49,66834.28,2,14981.05,0.4483,0,13,20,1
38,71989.07,0,10651.14,0.0,1,0,27,1
38,56187.02,1,30936.29,0.5506,0,10,3,1
22,53901.44,1,29671.17,0.5505,0,12,23,1
55,32193.95,1,8056.62,0.2502,1,0,7,0
36,50388.14,1,19457.1,0.3861,1,1,16,0
61,53352.31,0,20994.26,0.0,2,8,33,1
56,41844.45,2,10220.17,0.4885,1,12,19,0
53,36078.36,3,3035.67,0.2524,0,4,15,1
24,25780.53,2,14901.61,1.156,1,29,9,0
53,18934.05,0,13617.23,0.0,0,8,33,1
34,15781.75,1,11513.88,0.7295,0,12,9,0
41,53691.64,0,18538.53,0.0,0,4,29,1
40,47215.49,1,8994.16,0.1905,1,14,29,1
28,37742.83,1,5784.02,0.1532,2,29,24,0
27,40028.16,3,15872.66,1.1896,0,6,6,0
23,48157.06,3,18087.76,1.1268,1,13,19,0
37,42531.55,2,5586.84,0.2627,0,29,16,1
53,24891.7,0,22424.72,0.0,0,15,2,1
32,58695.0,1,836.15,0.0142,2,5,25,1
42,49561.89,1,10375.09,0.2093,0,1,9,1
42,48988.48,2,12935.93,0.5281,2,15,33,0
50,57563.44,3,9910.21,0.5165,1,18,13,0
58,32795.32,1,10479.52,0.3195,1,4,7,0
58,63205.97,3,29968.6,1.4224,0,3,26,0
28,42899.36,1,8192.93,0.191,1,13,9,1
47,58328.98,0,34529.77,0.0,1,26,14,1
47,56016.74,2,18497.01,0.6604,2,5,21,0
54,29417.97,1,15736.44,0.5349,1,7,30,0
41,52543.51,2,18809.92,0.716,1,23,1,0
50,49894.12,2,35239.42,1.4125,1,2,30,0
53,45454.67,3,7051.26,0.4654,0,3,13,0
48,43584.42,0,6036.66,0.0,0,0,9,1
53,43711.6,3,8961.07,0.615,0,1,29,0
25,57190.34,2,15257.15,0.5335,2,12,14,0
39,53668.66,2,1193.83,0.0445,0,8,13,1
24,45457.18,3,15178.71,1.0017,1,11,30,0
55,22620.96,0,28548.38,0.0,2,9,28,0
37,52416.65,1,16211.26,0.3093,0,9,26,1
64,55854.2,2,12658.52,0.4533,0,17,20,1
48,79506.15,0,10054.72,0.0,1,11,8,1
50,61131.5,2,22188.09,0.7259,1,21,19,0
49,16512.35,1,8393.34,0.5083,2,29,34,0
26,46176.44,1,29771.17,0.6447,1,15,14,0
55,72170.63,2,30466.88,0.8443,1,22,23,0
61,54353.23,0,17054.01,0.0,0,5,15,1
57,49929.78,1,14907.88,0.2986,2,23,10,0
44,58503.43,0,23245.28,0.0,1,24,7,1
49,35664.33,2,23758.39,1.3323,0,23,2,0
51,52171.35,2,8552.07,0.3278,0,20,18,1
55,41242.98,2,10787.56,0.5231,0,23,2,1
53,44705.65,1,4421.22,0.0989,0,9,24,1
41,57426.82,2,18272.52,0.6364,0,14,10,1
52,31099.3,2,20333.02,1.3076,0,25,15,0
43,64319.74,2,4200.59,0.1306,0,8,16,1
53,38657.82,0,11358.41,0.0,1,29,23,1
23,48909.94,1,4221.97,0.0863,1,23,16,1
38,23992.38,0,7809.6,0.0,1,1,19,0
45,55797.56,3,19408.14,1.0435,2,17,21,0
62,66697.56,0,9132.14,0.0,0,11,5,1
51,37280.38,0,12593.39,0.0,0,2,6,1
23,28346.65,2,1981.51,0.1398,1,6,13,0
60,49169.75,0,16495.92,0.0,1,8,10,1
44,66822.16,1,14645.81,0.2192,2,7,11,1
52,23252.15,1,9168.33,0.3943,1,24,4,0
42,28405.38,1,13487.89,0.4748,2,5,4,0
43,38187.16,0,16442.36,0.0,1,0,19,1
22,32694.84,1,8481.05,0.2594,1,13,14,1
47,32742.22,0,3189.9,0.0,0,15,25,1
62,13588.19,0,29444.6,0.0,1,27,32,1
22,53835.85,0,9933.82,0.0,1,15,29,1
46,50080.81,2,14225.92,0.5681,0,3,23,0
37,19517.26,1,23086.72,1.1828,1,28,22,0
60,66857.94,3,43232.44,1.9399,1,5,8,0
53,70216.38,3,5044.11,0.2155,0,14,2,0
29,33736.42,2,18598.62,1.1026,1,27,6,0
63,62498.23,3,9339.58,0.4483,0,21,21,1
59,36405.03,1,10689.68,0.2936,0,7,13,0
49,47716.75,0,9238.3,0.0,2,0,28,0
62,32463.57,1,5994.76,0.1847,0,12,15,1
46,78213.77,1,14669.67,0.1876,1,26,33,1
55,40559.74,1,3203.98,0.079,1,17,9,1
45,46896.74,1,22574.46,0.4814,0,17,6,1
44,34680.94,0,15440.02,0.0,1,12,24,1
33,72919.73,0,18379.48,0.0,1,21,26,1
27,73299.22,0,11270.49,0.0,0,29,14,1
56,69463.94,1,12062.37,0.1736,1,13,31,1
40,59346.61,1,17300.51,0.2915,1,10,27,0
21,35628.16,3,5687.59,0.4789,1,6,8,0
28,57417.75,0,12136.08,0.0,0,17,6,1
36,44894.36,1,8123.09,0.1809,2,20,15,1
34,64686.13,0,7875.45,0.0,1,21,25,1
32,61738.53,0,500.0,0.0,0,3,34,1
43,35261.02,1,25714.61,0.7292,0,16,16,0
35,59217.39,1,9507.69,0.1606,0,18,22,1
48,55230.52,1,24307.01,0.4401,0,13,7,0
54,10000.0,0,23550.34,0.0,1,9,1,0
22,57014.05,1,4712.0,0.0826,1,24,30,1
52,38523.06,2,6292.71,0.3267,0,28,31,1
43,31709.36,1,35484.02,1.119,1,5,28,0
42,32351.09,1,29007.41,0.8966,1,17,2,0
45,42971.36,1,14747.85,0.3432,0,24,7,1
42,52200.89,4,17058.98,1.3072,0,3,1,0
42,24518.07,1,9953.23,0.4059,1,10,30,0
62,47847.72,0,18458.82,0.0,2,12,19,0
26,53651.37,0,9262.54,0.0,2,7,28,0
35,72927.09,1,500.0,0.0069,0,9,16,1
63,28849.65,1,4427.55,0.1535,0,22,9,1
57,39755.82,1,15168.74,0.3815,0,27,21,1
53,48924.94,1,5951.46,0.1216,0,10,5,1
28,62211.14,3,14461.78,0.6974,2,2,33,0
64,40436.64,1,6402.71,0.1583,2,14,30,0
64,62979.62,1,8741.17,0.1388,0,7,11,1
25,15939.57,0,21825.32,0.0,2,19,11,0
59,26199.78,0,16979.84,0.0,0,17,15,1
24,50229.67,3,14922.68,0.8912,0,26,24,0
26,23837.63,0,22031.71,0.0,0,20,21,1
52,27382.94,2,18844.87,1.3763,1,0,26,0
50,37083.35,1,26572.51,0.7165,0,28,23,1
55,56571.58,2,11321.13,0.4002,2,23,11,1
60,16560.53,1,11562.92,0.6982,1,29,17,0
36,47554.48,0,4591.13,0.0,1,7,15,1
33,60494.46,0,11568.15,0.0,0,2,3,1
62,42075.82,5,22718.16,2.6996,2,0,11,0
50,39467.55,1,25399.9,0.6435,1,19,32,0
39,51026.57,1,22682.44,0.4445,1,24,21,1
37,42118.33,0,646.47,0.0,1,15,17,1
39,65857.5,2,23665.16,0.7187,1,8,32,0
48,28328.8,0,500.0,0.0,2,16,26,0
46,44225.34,0,22184.94,0.0,1,26,18,1
57,48085.3,0,12057.72,0.0,2,15,13,1
46,39323.19,0,20620.27,0.0,1,22,24,1
43,10000.0,2,4340.41,0.868,2,5,33,0
29,42586.43,1,24369.34,0.5722,1,29,23,1
32,58502.65,0,3280.2,0.0,0,22,22,1
21,56671.64,2,9652.36,0.3406,1,6,4,0
21,50321.68,0,7015.24,0.0,1,23,23,1
54,28532.06,2,965.72,0.0677,0,15,4,1
52,50929.64,0,15756.22,0.0,1,7,5,1
45,36398.43,1,29448.71,0.809,1,9,3,0
60,50302.24,0,36335.24,0.0,0,13,9,1
21,46822.58,1,15777.25,0.337,0,10,0,0
36,30354.37,1,23933.45,0.7884,0,1,20,0
59,31613.16,0,16856.76,0.0,1,11,2,1
25,50325.34,0,18991.07,0.0,2,27,30,1
42,41683.3,0,12262.81,0.0,1,27,26,1
49,32395.78,1,16560.62,0.5112,0,19,16,1
23,31157.55,1,19299.83,0.6194,2,19,22,0
32,40442.54,1,10372.32,0.2565,1,12,12,1
46,68521.57,0,14380.05,0.0,0,14,26,1
36,37108.83,1,14532.56,0.3916,2,26,19,0
57,44789.71,3,21611.23,1.4475,1,25,12,0
42,46524.66,1,6471.74,0.1391,0,11,23,1
49,28034.6,0,14587.66,0.0,2,12,2,0
34,18557.51,1,30296.04,1.6325,0,7,9,0
48,29600.39,1,24312.48,0.8213,0,15,0,0
25,48706.16,2,25793.43,1.0591,1,29,12,0
50,46309.97,2,15195.45,0.6562,3,28,13,0
25,55536.1,0,17567.98,0.0,1,28,32,1
32,46451.25,1,23017.89,0.4955,0,2,1,0
36,43356.76,2,27482.04,1.2677,0,27,1,0
46,35939.82,2,500.0,0.0278,0,28,30,1
46,58269.1,1,4476.47,0.0768,1,12,3,1
41,31212.3,4,25475.55,3.2647,0,11,33,0
59,28344.01,2,12784.89,0.9021,1,18,18,0
56,53505.83,4,9626.23,0.7196,1,28,8,0
53,25002.64,2,4966.71,0.3973,0,1,23,0
50,81221.86,1,10559.87,0.13,1,0,12,0
57,46199.9,2,3781.05,0.1637,1,7,29,0
43,50218.59,1,31728.75,0.6318,0,29,18,1
30,32873.7,2,14820.51,0.9016,0,8,9,0
25,40271.03,0,14536.4,0.0,0,24,13,1
56,38598.64,2,19704.61,1.021,0,26,19,0
54,36872.48,3,22698.76,1.8468,1,7,3,0
51,54494.43,2,22567.11,0.8282,0,20,4,0
30,38256.36,1,23588.98,0.6166,0,16,31,0
39,60262.52,1,9953.24,0.1652,4,8,5,0
52,84947.74,0,12617.07,0.0,0,5,13,1
21,40566.88,0,21152.25,0.0,1,27,5,1
25,47284.73,0,10780.89,0.0,1,14,13,1
24,50692.23,1,14959.15,0.2951,2,22,11,0
36,72172.57,3,18190.11,0.7561,1,23,26,1
44,43760.28,3,21281.48,1.4589,0,12,25,0
36,32564.75,2,778.55,0.0478,0,20,11,1
22,26004.89,1,20717.97,0.7967,0,21,7,0
48,44130.24,1,13130.21,0.2975,0,11,9,1
52,38274.3,1,20659.66,0.5398,1,12,15,0
47,75150.14,1,21215.45,0.2823,1,6,25,0
40,71547.94,2,27863.32,0.7789,0,22,7,1
44,29484.41,1,25827.63,0.8759,4,17,28,0
32,34338.6,2,25772.57,1.501,0,13,19,0
55,46106.55,1,26549.36,0.5758,3,10,16,0
53,65958.4,2,17331.03,0.5255,1,27,18,0
53,45855.2,0,15257.48,0.0,2,13,16,0
63,35291.39,0,21982.54,0.0,0,16,0,1
57,44116.77,0,20856.65,0.0,0,23,28,1
32,35572.73,1,12527.47,0.3522,0,20,13,1
23,54037.16,2,18238.59,0.675,0,25,16,0
21,34364.49,4,14719.23,1.7133,1,1,12,0
53,37343.46,0,8168.54,0.0,0,18,28,1
60,62429.01,1,25323.69,0.4056,0,15,33,1
30,33474.53,1,15441.59,0.4613,1,21,26,1
63,23308.08,2,31389.67,2.6933,0,9,32,0
64,46424.91,1,1996.06,0.043,0,21,28,1
49,39592.9,4,10545.77,1.0654,0,7,18,0
33,52671.23,0,15261.11,0.0,1,20,23,1
32,49762.08,2,24099.05,0.9686,1,4,13,0
51,44521.22,1,18195.75,0.4087,0,6,4,0
22,44084.35,1,17483.78,0.3966,1,25,23,1
55,33962.12,0,5981.89,0.0,1,12,33,1
43,46250.21,1,5744.47,0.1242,1,15,30,1
37,58219.27,0,17580.04,0.0,1,29,29,1
46,30398.3,1,4087.15,0.1344,0,4,8,1
28,44919.04,1,10744.98,0.2392,1,15,26,1
49,60575.83,1,19007.34,0.3138,1,14,27,1
46,52581.36,3,7141.41,0.4074,0,8,25,1
30,64642.09,1,27842.85,0.4307,1,21,17,1
46,36477.87,1,24791.49,0.6796,0,22,7,0
54,17538.47,1,2428.64,0.1385,0,11,17,0
61,48009.78,2,7541.03,0.3141,3,7,19,0
27,50438.56,0,500.0,0.0,2,12,31,1
24,65526.33,3,8739.27,0.4001,1,4,28,0
31,62822.19,1,21131.11,0.3364,0,13,17,1
49,53051.15,0,11688.84,0.0,0,15,6,1
56,56480.85,0,18686.38,0.0,0,10,0,1
45,42122.68,1,2821.33,0.067,1,19,27,1
41,26713.28,0,21383.8,0.0,0,11,32,1
56,46765.82,2,10559.13,0.4516,0,14,3,1
30,59738.6,1,15097.36,0.2527,1,23,19,1
57,54845.41,0,14257.0,0.0,1,11,30,1
29,57507.11,0,4827.61,0.0,0,25,27,1
44,38583.66,1,5775.33,0.1497,0,8,2,1
55,41016.8,0,22742.36,0.0,1,0,5,0
55,52251.38,2,18191.94,0.6963,0,2,22,0
56,36802.39,1,23400.39,0.6358,1,11,6,0
38,37264.24,1,17597.27,0.4722,0,19,0,1
59,49469.73,1,16143.93,0.3263,1,12,5,0
52,56413.57,1,1191.92,0.0211,1,22,23,1
44,42007.07,1,12837.07,0.3056,2,5,23,0
43,27552.16,5,14780.93,2.6823,0,9,28,0
52,33962.94,0,30624.86,0.0,0,9,31,1
57,48055.08,1,20495.65,0.4265,0,15,24,1
32,47872.81,2,27288.49,1.14,2,26,9,0
33,48618.57,1,19780.3,0.4068,0,0,34,1
43,52819.43,0,9309.57,0.0,0,15,24,1
45,45087.16,2,15936.99,0.7069,0,3,26,0
55,48975.84,1,16889.79,0.3449,0,5,31,1
61,44324.6,1,7486.76,0.1689,2,18,11,0
50,62231.0,1,11924.9,0.1916,0,1,3,1
37,66485.13,0,13353.86,0.0,0,17,25,1
40,27164.83,0,27844.96,0.0,1,9,2,0
45,41171.22,2,500.0,0.0243,2,27,16,0
42,45490.87,0,24646.55,0.0,1,27,8,1
33,40996.28,3,7505.64,0.5492,1,3,28,0
39,71893.84,2,4023.37,0.1119,0,28,0,1
56,48359.33,4,24439.54,2.0215,1,0,17,0
32,32919.42,1,20855.18,0.6335,0,14,19,0
61,53946.64,3,25036.15,1.3922,0,9,33,0
39,49064.62,0,21405.62,0.0,0,17,27,1
32,49562.89,2,31478.76,1.2702,0,15,34,0
29,72118.14,1,19469.79,0.27,0,12,15,1
27,50261.78,1,13748.18,0.2735,0,25,20,1
48,40445.08,0,17743.41,0.0,0,14,12,1
34,15670.85,1,24947.75,1.5919,1,1,34,0
51,42519.01,0,8765.0,0.0,0,19,31,1
39,64589.55,0,9784.89,0.0,2,3,5,0
36,43632.46,2,12528.32,0.5743,0,0,12,0
25,11399.25,0,500.0,0.0,1,6,12,0
55,37524.56,0,16104.63,0.0,2,22,11,0
32,59890.33,3,500.0,0.025,2,25,32,1
45,53187.26,2,15424.47,0.58,2,10,27,0
41,32401.79,1,21922.32,0.6766,1,25,2,0
56,36520.73,4,11184.99,1.225,1,9,17,0
43,38839.37,1,28416.93,0.7316,0,0,25,1
36,35059.29,1,3315.99,0.0946,1,10,1,0
59,14554.89,2,24530.09,3.3705,0,23,3,0
62,56453.87,2,20401.1,0.7227,0,9,27,0
59,63855.9,1,1271.73,0.0199,0,13,27,1
34,22223.27,1,36686.35,1.6507,0,13,24,0
51,63657.79,3,14490.04,0.6829,2,6,25,0
25,43454.65,3,7980.13,0.5509,1,22,1,0
55,63376.99,1,3743.3,0.0591,0,10,33,1
43,45569.26,1,13239.86,0.2905,0,21,29,1
49,47033.17,1,13980.75,0.2972,2,27,20,0
63,50586.52,2,15821.16,0.6255,0,3,22,0
31,33149.01,0,12617.63,0.0,0,26,32,1
38,62920.11,0,20065.8,0.0,1,23,1,1
32,28179.29,1,11898.96,0.4222,0,1,26,1
29,38969.0,1,500.0,0.0128,1,6,21,0
30,52863.97,0,13805.11,0.0,2,18,33,1
64,37362.07,2,500.0,0.0268,2,13,15,1
37,56662.97,2,17830.17,0.6293,0,18,19,0
58,65637.99,1,7165.6,0.1092,1,29,25,1
27,60188.19,1,16306.88,0.2709,0,6,15,1
33,15958.27,2,25512.6,3.1972,1,11,5,0
60,46887.7,2,7410.01,0.3161,2,2,22,0
62,60430.24,3,23490.05,1.1661,0,14,7,0
29,25248.77,3,11532.88,1.3703,2,4,5,0
47,55854.16,2,29025.56,1.0393,0,7,21,0
22,55011.91,0,12078.78,0.0,0,13,5,1
25,26818.65,2,8276.06,0.6172,2,28,31,0
49,57513.49,1,20497.91,0.3564,1,3,16,0
57,49090.47,1,11513.68,0.2345,2,6,16,0
58,54755.73,2,8268.4,0.302,1,6,22,1
39,30505.31,2,11177.28,0.7328,3,17,12,0
28,47252.04,2,14643.15,0.6198,0,13,31,0
21,19426.82,0,25737.44,0.0,1,7,21,0
42,10845.13,0,500.0,0.0,3,25,6,0
37,47112.43,0,15184.65,0.0,3,11,21,0
27,61508.96,2,19999.23,0.6503,0,9,20,0
45,48794.05,0,16547.59,0.0,0,13,5,1
24,44048.31,2,25478.92,1.1568,1,8,13,0
56,42186.99,2,14405.24,0.6829,1,5,15,0
26,30861.52,2,13523.59,0.8764,0,29,2,1
51,41672.09,1,19738.64,0.4737,3,4,8,0
39,51325.27,0,15794.51,0.0,0,0,20,1
64,38471.67,1,11876.73,0.3087,2,0,29,0
59,56258.8,0,19129.15,0.0,0,24,29,1
47,47939.63,0,9779.77,0.0,0,29,31,1
30,49754.69,0,10110.58,0.0,0,19,22,1
46,58329.94,1,10776.05,0.1847,1,16,2,0
39,37098.67,1,25824.55,0.6961,0,10,0,0
59,54890.71,1,500.0,0.0091,0,25,2,1
23,39202.85,1,18164.79,0.4633,1,11,6,0
33,50092.72,2,15274.17,0.6098,1,2,2,0
48,35313.43,1,1553.04,0.044,0,5,2,1
40,31339.44,3,17477.81,1.673,1,29,3,0
48,46377.97,3,18806.02,1.2165,0,10,30,0
28,16722.0,1,19717.11,1.179,0,28,1,0
61,40555.99,1,500.0,0.0123,2,12,13,0
59,20904.34,1,25931.12,1.2404,0,10,30,0
21,56688.51,0,9098.11,0.0,2,7,1,0
23,60751.66,2,20492.54,0.6746,2,28,30,0
33,32040.73,1,20928.59,0.6532,1,9,21,0
48,51424.69,0,7986.42,0.0,0,1,9,0
45,58487.04,1,20283.68,0.3468,2,23,29,0
53,58537.04,0,11916.05,0.0,5,13,32,0
58,48216.76,1,500.0,0.0104,2,28,18,0
26,56014.57,1,24341.94,0.4346,0,15,24,1
64,35260.03,2,8799.64,0.4991,1,16,0,0
52,46246.84,1,8164.05,0.1765,1,10,31,1
41,37993.45,2,11775.47,0.6199,0,1,24,0
36,33993.18,0,17177.89,0.0,1,23,16,1
41,45540.95,2,14541.84,0.6386,1,22,13,0
31,50212.96,0,19384.54,0.0,0,4,12,1
57,62452.63,2,4284.09,0.1372,0,28,1,1
56,48977.33,1,9060.91,0.185,0,15,31,1
55,54628.96,1,14072.02,0.2576,0,15,31,1
39,54799.25,1,30183.1,0.5508,1,25,5,1
40,85313.02,3,14089.5,0.4954,0,1,24,1
38,17849.51,0,23681.78,0.0,1,15,2,1
61,34680.99,2,15308.44,0.8828,0,24,17,1
34,67110.84,2,11130.73,0.3317,0,4,2,1
35,39719.8,1,13026.2,0.3279,3,7,4,0
51,58287.05,1,13652.64,0.2342,0,28,23,1
21,48450.14,2,19829.17,0.8185,1,19,33,0
23,76578.04,2,25996.89,0.679,1,13,23,0
36,28304.18,1,17877.45,0.6316,0,24,27,1
43,63327.01,0,24496.62,0.0,3,9,33,0
31,71243.72,1,7281.68,0.1022,2,22,15,1
32,29783.72,0,11682.96,0.0,2,1,6,0
30,56743.05,2,9205.58,0.3245,0,2,17,0
52,30517.53,3,17515.56,1.7218,1,29,5,0
36,45452.42,2,12128.33,0.5337,1,17,27,0
28,41151.18,1,20838.18,0.5064,0,20,33,1
58,10000.0,0,7551.99,0.0,1,1,28,1
32,51363.51,1,15344.25,0.2987,0,20,3,1
44,47150.09,1,20494.86,0.4347,0,28,13,1
48,67186.18,2,500.0,0.0149,1,8,4,1
28,54167.15,3,31973.05,1.7708,1,1,24,0
48,79363.26,1,12734.78,0.1605,1,24,7,1
56,46605.64,1,500.0,0.0107,0,6,14,1
46,43417.05,1,16264.75,0.3746,0,6,18,0
28,42234.65,0,15267.55,0.0,0,13,10,1
48,38406.17,1,14344.84,0.3735,1,4,19,0
48,11883.74,1,22929.53,1.9293,0,7,17,0
57,41697.08,1,20979.56,0.5031,1,22,13,1
61,13982.18,2,17383.01,2.4863,0,21,24,0
56,51780.5,1,18601.25,0.3592,2,17,15,0
47,26399.1,1,14165.13,0.5366,0,5,17,0
37,31585.01,2,29203.93,1.8492,1,13,0,0
29,34958.85,0,3166.43,0.0,1,17,0,1
53,41925.97,1,16117.21,0.3844,1,16,0,0
40,45103.02,2,15520.2,0.6882,1,8,20,0
33,61267.19,1,21506.24,0.351,1,12,24,0
48,36337.05,2,8249.17,0.454,0,15,26,1
49,52202.19,0,1050.62,0.0,1,20,9,1
33,85963.01,1,16254.58,0.1891,1,9,11,1
55,50660.26,0,17249.84,0.0,1,9,27,1
26,42292.65,1,26916.8,0.6364,2,3,31,0
38,33312.73,1,4837.1,0.1452,2,11,32,1
25,42085.03,0,24237.55,0.0,1,26,7,1
45,31706.69,0,33939.31,0.0,1,7,25,1
22,49029.92,0,11977.88,0.0,0,14,1,1
30,46553.16,1,4672.46,0.1004,0,20,34,1
50,12566.71,0,11744.21,0.0,3,29,33,0
25,44721.63,1,15112.04,0.3379,0,22,5,1
53,61142.19,3,19510.3,0.9573,1,18,30,1
21,39013.32,0,10268.84,0.0,0,14,22,1
38,35206.55,1,27441.59,0.7794,0,7,11,0
52,24334.49,3,6083.74,0.75,1,7,27,0
31,17130.12,1,1086.36,0.0634,1,18,14,1
41,57470.24,1,23853.68,0.4151,2,8,18,0
46,42277.83,1,500.0,0.0118,2,29,11,1
45,56580.32,1,13366.96,0.2362,1,23,1,1
42,67969.86,2,39941.45,1.1753,1,16,10,0
47,58818.72,1,14903.65,0.2534,1,7,24,0
33,36864.42,2,6033.86,0.3273,0,11,20,1
53,47173.01,1,14540.82,0.3082,2,26,8,0
54,35778.41,3,14593.59,1.2236,0,14,11,0
61,34375.67,2,16285.2,0.9475,0,3,9,0
55,50142.23,1,20298.1,0.4048,2,5,4,0
21,32515.59,2,6687.11,0.4113,1,29,32,1
41,11862.73,2,28500.38,4.8046,0,28,4,0
26,31677.78,0,16960.91,0.0,0,15,15,1
48,40396.78,1,20814.35,0.5152,2,25,28,0
37,67820.98,0,9974.8,0.0,1,24,17,1
25,37635.94,1,25291.06,0.672,1,4,28,0
51,52678.86,0,12943.58,0.0,0,22,5,1
25,42475.38,1,17220.42,0.4054,2,12,17,0
58,63396.08,3,7535.15,0.3566,1,14,31,1
23,62356.45,3,7024.55,0.3379,0,16,30,1
43,62642.63,3,20505.64,0.982,1,24,10,0
57,18990.25,1,11451.15,0.603,1,29,25,0
57,48100.86,0,8169.42,0.0,1,21,27,1
30,56384.08,1,9854.53,0.1748,1,26,26,1
30,50723.08,1,20591.62,0.406,1,19,18,0
39,54548.94,1,9967.7,0.1827,0,21,26,1
37,45875.27,2,14058.76,0.6129,0,4,19,0
41,33828.24,0,15120.22,0.0,0,18,2,1
34,19543.54,0,500.0,0.0,1,6,15,0
29,35316.46,2,3230.99,0.183,1,2,28,0
21,85171.65,0,17690.22,0.0,0,12,14,1
33,37715.23,3,9103.77,0.7241,0,13,29,0
24,15609.15,0,23453.8,0.0,0,15,0,1
21,55989.74,0,22734.46,0.0,2,12,28,1
60,57831.9,0,20753.35,0.0,0,1,29,1
52,64309.87,0,29558.17,0.0,2,13,31,1
54,52064.68,0,14335.29,0.0,0,19,9,1
48,57684.02,0,20191.06,0.0,0,6,26,1
51,72603.26,2,10324.79,0.2844,2,4,7,0
28,33817.9,2,34618.96,2.0473,2,13,34,0
59,30842.24,1,30869.07,1.0008,0,8,24,0
46,28581.2,1,15095.04,0.5281,0,9,19,0
54,41013.46,1,18092.69,0.4411,0,6,16,0
23,66501.34,0,25874.38,0.0,1,27,22,1
32,52921.03,1,13822.88,0.2612,2,13,24,0
21,52330.38,5,9747.01,0.9313,1,24,30,0
64,17710.38,3,21991.92,3.725,2,13,5,0
25,34602.2,3,15627.51,1.3549,1,24,34,0
50,17465.14,0,16463.96,0.0,1,27,3,1
50,62568.69,1,8325.83,0.1331,1,1,19,1
37,68784.7,2,1258.62,0.0366,2,16,0,1
43,56693.5,1,16889.14,0.2979,1,26,25,1
35,30198.21,2,22239.7,1.4729,0,19,33,0
57,67230.34,1,13193.55,0.1962,0,3,9,1
41,41201.18,2,26491.44,1.2859,0,12,22,0
34,26783.11,1,9368.67,0.3498,0,17,23,0
22,30533.94,2,6562.36,0.4298,2,2,12,0
31,38547.65,1,14462.16,0.3752,3,18,28,0
59,45743.68,1,14339.26,0.3135,0,4,26,1
58,42579.84,3,21159.75,1.4908,1,0,30,0
54,23809.97,1,8800.3,0.3696,0,8,9,0
58,63199.75,2,25944.75,0.821,0,23,30,1
54,42740.91,3,30735.34,2.1573,0,7,9,0
38,34293.69,1,14686.85,0.4283,0,2,23,0
50,61654.54,0,24997.68,0.0,0,1,32,1
35,27248.91,3,6548.02,0.7209,1,0,13,0
47,20566.65,2,23601.77,2.295,1,11,34,0
54,64087.31,1,23378.21,0.3648,0,21,33,1
58,73370.82,2,21907.5,0.5972,0,12,16,1
53,38068.56,0,14875.5,0.0,0,9,20,1
44,44310.45,0,500.0,0.0,0,16,31,1
35,27800.03,0,9866.18,0.0,0,29,2,1
50,45082.39,2,9992.67,0.4433,0,10,14,0
62,37864.42,0,7173.96,0.0,1,4,7,0
37,43468.07,2,15977.94,0.7351,0,24,31,1
25,51138.88,1,11648.29,0.2278,0,26,25,1
49,28527.82,0,8403.1,0.0,2,8,29,0
24,39572.83,0,6529.6,0.0,1,12,8,1
30,17943.28,2,9275.9,1.0339,0,27,31,0
37,39675.19,2,23971.99,1.2084,1,19,10,0
30,43598.49,1,9711.8,0.2228,2,22,21,0
37,48434.74,0,10880.49,0.0,0,29,33,1
40,48593.65,4,11346.42,0.934,1,10,17,0
44,58558.84,0,17711.95,0.0,0,22,18,1
25,21905.0,2,18650.0,1.7027,0,3,17,0
54,22705.84,3,500.0,0.0661,2,20,17,1
26,52934.37,2,23173.08,0.8755,0,10,11,0
22,14415.58,1,26490.94,1.8375,2,8,3,0
33,47749.5,1,6598.51,0.1382,1,6,26,0
63,27295.61,1,7221.61,0.2646,1,15,4,0
63,68592.22,1,11397.97,0.1662,2,22,5,0
31,48756.79,0,8951.97,0.0,1,25,12,1
43,41712.66,2,16791.41,0.8051,0,22,22,0
36,63415.81,0,500.0,0.0,0,24,24,1
51,29048.97,3,6056.58,0.6255,1,4,3,0
31,31898.86,1,27313.58,0.8562,1,5,31,0
36,26078.18,0,7574.24,0.0,1,18,14,1
28,32024.41,3,24947.43,2.337,0,0,25,0
24,45916.73,1,17842.71,0.3886,2,26,10,0
60,52409.28,1,525.86,0.01,0,15,8,1
24,59421.33,0,20082.63,0.0,1,27,10,1
45,17629.14,1,14058.66,0.7974,3,17,1,0
23,42422.06,0,11356.26,0.0,1,23,26,1
52,28377.53,1,16959.66,0.5976,0,12,25,0
23,41920.69,1,18797.07,0.4484,0,0,7,0
47,80012.45,2,20660.73,0.5164,0,9,20,1
49,49377.93,3,24426.02,1.484,0,6,20,0
52,58491.97,1,18265.09,0.3123,0,4,7,0
39,74410.37,1,3994.93,0.0537,1,12,0,1
41,61910.37,0,11210.84,0.0,1,21,12,1
25,38281.28,0,38544.39,0.0,0,15,8,1
38,25862.52,2,20795.93,1.6081,1,23,27,0
48,44547.84,0,33954.3,0.0,2,19,5,1
62,36484.41,1,26163.47,0.7171,0,21,22,0
42,22132.18,0,16934.42,0.0,2,13,16,0
41,48613.87,0,17411.26,0.0,1,10,8,1
26,48988.29,2,14707.36,0.6004,1,18,11,0
21,71536.75,2,1097.56,0.0307,0,22,21,1
25,39573.55,2,15144.38,0.7654,2,1,11,0
61,49201.82,0,24685.4,0.0,0,27,5,1
32,35017.72,2,10202.88,0.5827,0,7,8,0
46,58097.54,2,18295.62,0.6298,0,12,2,1
54,43130.73,5,21812.73,2.5286,0,6,33,0
34,27411.13,1,7722.56,0.2817,3,11,7,0
46,44797.92,2,11389.58,0.5085,1,27,9,1
47,50857.84,1,6856.71,0.1348,1,7,8,1
29,48829.1,1,8422.68,0.1725,1,15,13,1
46,60688.45,3,4699.16,0.2323,2,17,26,0
42,23279.15,2,7796.41,0.6698,1,18,31,0
50,32358.86,0,26355.65,0.0,1,27,3,1
63,54596.81,0,7676.18,0.0,0,3,1,1
37,34120.97,3,16011.67,1.4077,0,27,32,0
46,48607.07,1,10977.05,0.2258,1,24,20,1
56,10000.0,1,24430.93,2.4428,1,27,0,0
21,85739.2,0,25489.3,0.0,2,11,10,1
28,40954.22,1,21912.56,0.535,0,15,0,1
55,62909.34,1,17449.08,0.2774,1,20,10,1
35,39946.53,1,13151.52,0.3292,1,21,6,0
42,51220.48,0,5465.0,0.0,2,16,1,0
34,67378.79,1,30548.23,0.4534,0,3,14,1
46,62487.09,2,8922.62,0.2856,0,29,7,1
48,41933.18,0,20309.17,0.0,2,19,25,0
43,42971.19,3,23476.52,1.639,0,25,34,0
34,60053.5,1,10557.76,0.1758,0,23,20,1
44,79998.67,2,23304.1,0.5826,0,23,7,1
22,47884.24,0,21113.71,0.0,0,25,31,1
46,74355.95,0,28823.71,0.0,2,21,7,1
34,41378.78,0,11245.23,0.0,1,23,9,1
27,59279.41,2,4713.09,0.159,1,8,22,0
23,61517.34,2,10956.08,0.3562,0,4,3,1
43,38850.59,1,16670.83,0.4291,2,16,29,0
63,33793.83,2,15465.7,0.9153,2,16,22,0
38,62180.84,0,11852.5,0.0,2,1,4,0
58,37026.65,0,500.0,0.0,1,1,20,1
55,31584.75,0,18763.86,0.0,1,20,5,1
35,34740.61,2,30778.76,1.7719,0,22,16,0
45,36965.8,2,18714.01,1.0125,1,6,24,0
57,57849.26,1,19873.08,0.3435,0,3,23,0
48,52725.64,1,19579.56,0.3713,0,12,21,0
30,55734.87,0,18176.37,0.0,0,19,12,1
59,51320.7,1,22453.33,0.4375,1,29,16,0
37,36092.4,3,18162.99,1.5097,1,29,13,0
59,55456.54,3,12498.58,0.6761,1,10,33,1
42,62736.81,2,8632.09,0.2752,2,25,25,1
46,53767.55,0,13008.21,0.0,1,2,18,0
64,51744.84,0,17513.04,0.0,4,26,25,0
45,33494.18,0,12471.34,0.0,0,1,2,0
37,48177.26,1,17514.71,0.3635,0,15,1,1
33,32696.38,0,18513.2,0.0,1,2,27,0
40,44639.58,1,21665.44,0.4853,0,23,1,1
45,20396.0,1,25262.36,1.2385,1,14,21,0
24,20511.62,3,15624.06,2.285,0,16,6,0
30,42134.28,1,4537.79,0.1077,1,15,3,1
23,36773.4,0,12239.17,0.0,1,19,19,1
61,46601.81,0,15352.5,0.0,1,6,5,0
38,42978.47,1,500.0,0.0116,0,15,8,1
56,45452.86,1,26109.32,0.5744,2,4,30,0
42,54129.11,2,16139.02,0.5963,0,1,25,0
54,38050.97,1,18050.82,0.4744,1,0,25,0
28,41708.34,2,25924.21,1.2431,2,21,27,0
60,66825.32,0,9958.86,0.0,1,28,4,1
64,45046.26,2,19592.34,0.8699,0,12,9,0
39,42311.84,0,14121.09,0.0,1,15,17,1
62,46237.69,2,13527.31,0.5851,1,4,14,1
61,42579.53,1,8822.46,0.2072,1,2,32,0
57,34356.42,1,28324.83,0.8244,0,26,4,0
26,30029.55,2,11996.0,0.7989,1,26,21,0
46,33548.53,3,20595.71,1.8417,0,14,21,0
54,58093.79,2,500.0,0.0172,0,15,21,1
26,35551.42,0,24439.91,0.0,0,10,14,1
57,42676.13,1,23417.69,0.5487,2,24,16,0
53,55511.04,2,15779.47,0.5685,1,18,27,1
42,40824.13,2,13184.46,0.6459,1,17,21,0
41,54500.42,0,18200.0,0.0,1,20,20,1
26,21888.1,1,33310.33,1.5218,1,8,16,0
26,43012.25,1,894.11,0.0208,0,7,4,1
24,46183.44,1,21256.22,0.4602,1,21,17,0
50,45347.08,0,7707.06,0.0,1,18,16,1
31,20206.22,2,14840.65,1.4688,2,21,3,0
50,63046.69,1,13016.96,0.2065,2,4,6,0
51,32179.91,0,11573.45,0.0,1,16,24,1
44,50025.56,2,14916.28,0.5963,1,4,8,0
29,45119.46,1,5926.63,0.1314,1,13,18,1
23,60055.64,1,23233.44,0.3869,0,6,8,1
51,77812.33,1,646.85,0.0083,0,8,22,1
60,25644.53,3,19318.12,2.2598,1,27,30,0
57,35266.29,1,12387.71,0.3513,0,16,31,1
56,47836.39,1,5632.6,0.1177,0,2,30,1
44,28419.7,2,16619.07,1.1695,4,7,16,0
51,56732.74,1,2544.39,0.0448,1,21,21,1
26,57650.59,0,15317.71,0.0,0,12,34,1
22,53391.74,0,3616.98,0.0,0,15,29,1
40,48548.73,1,18690.18,0.385,1,20,25,1
48,65545.63,0,7605.14,0.0,0,28,5,1
31,27665.62,2,11392.05,0.8235,1,9,33,0
24,45979.02,1,17351.6,0.3774,0,17,31,1
35,33917.96,2,8819.66,0.52,1,2,24,0
26,58348.74,0,14536.29,0.0,1,11,12,0
50,17499.88,2,2889.36,0.3302,1,15,1,0
58,44578.74,1,20047.0,0.4497,2,17,4,0
22,50028.58,1,29119.31,0.582,2,16,10,0
35,30787.62,3,37337.67,3.6381,2,6,10,0
31,35607.15,4,15729.35,1.7669,0,29,23,0
28,45230.68,3,21305.63,1.4131,0,18,13,0
46,59326.45,2,754.99,0.0255,3,22,29,1
64,29506.96,1,27021.87,0.9157,0,27,34,0
25,32123.25,0,21209.83,0.0,0,22,20,1
26,61883.82,2,11128.53,0.3597,2,7,4,0
46,40905.37,0,24897.45,0.0,0,16,1,1
24,33336.91,1,12964.19,0.3889,2,20,33,0
39,55930.27,0,11335.8,0.0,1,25,10,1
40,37677.05,0,18802.68,0.0,0,24,10,1
53,60411.32,3,6493.16,0.3224,0,27,8,1
40,35044.19,0,23173.0,0.0,1,26,5,1
32,42606.08,1,6552.08,0.1538,0,6,33,1
21,59174.57,1,6599.56,0.1115,0,0,31,1
46,41606.09,2,7722.48,0.3712,3,7,11,0
34,56340.8,1,21076.0,0.3741,0,18,31,1
58,44016.79,1,10065.8,0.2287,0,28,16,1
57,74725.38,2,4216.03,0.1128,0,19,3,1
31,68531.68,2,10154.56,0.2963,1,19,32,1
56,25078.56,1,14743.66,0.5879,2,9,8,0
33,52833.66,4,5552.22,0.4203,0,29,33,1
63,32753.94,1,5786.55,0.1767,1,11,29,1
23,47872.6,1,31890.37,0.6661,0,23,19,1
53,46025.56,0,8115.48,0.0,0,0,22,1
26,29169.19,3,12415.66,1.2769,0,23,34,0
30,60877.27,0,12062.1,0.0,0,24,22,1
25,48049.54,0,11629.15,0.0,2,24,22,1
43,40729.75,1,19970.77,0.4903,0,20,22,1
30,38428.35,1,22585.14,0.5877,1,3,27,0
64,47096.65,1,12552.36,0.2665,0,3,18,1
22,51118.88,1,5108.17,0.0999,0,8,29,1
33,43125.36,1,25195.52,0.5842,0,14,20,1
60,10000.0,2,14237.27,2.8472,2,23,23,0
22,45253.36,2,28842.57,1.2747,0,25,20,0
40,23377.77,1,500.0,0.0214,0,14,25,1
21,41858.21,2,16563.23,0.7914,0,25,25,1
57,23931.54,3,30348.85,3.8043,2,27,32,0
29,23752.54,2,12173.89,1.025,3,6,3,0
37,63526.83,2,13196.05,0.4154,0,11,8,1
29,40198.62,3,17364.09,1.2958,1,2,7,0
31,39050.07,1,10529.63,0.2696,3,19,1,0
35,52237.86,1,12503.42,0.2394,1,8,28,0
44,39441.14,2,12297.48,0.6236,1,13,22,0
58,76557.09,0,9980.63,0.0,1,12,5,1
55,40904.7,0,24830.85,0.0,0,23,20,1
50,50476.88,1,18688.62,0.3702,2,27,21,0
51,59564.12,0,17005.03,0.0,1,11,8,1
25,69033.8,1,21468.57,0.311,2,0,33,0
64,33869.91,0,12885.15,0.0,0,18,25,1
34,38730.55,1,8806.37,0.2274,1,29,0,1
31,64118.88,1,10179.01,0.1587,0,15,4,1
29,57150.93,2,15014.26,0.5254,1,11,21,0
54,61127.64,0,6526.31,0.0,0,9,3,1
32,24469.43,0,10997.91,0.0,1,1,1,0
55,68220.0,2,10871.07,0.3187,0,17,15,1
55,33578.89,1,31996.45,0.9528,0,12,15,0
21,47884.39,2,500.0,0.0209,1,28,21,1
60,42776.66,1,13563.04,0.3171,1,23,0,1
42,31822.76,1,28805.55,0.9052,0,5,14,0
49,23811.96,1,15974.76,0.6708,0,11,23,0
28,18842.28,2,21027.34,2.2318,0,27,3,0
31,46785.28,1,15798.61,0.3377,1,27,17,1
61,22120.21,0,9661.33,0.0,0,28,16,1
57,27992.77,0,500.0,0.0,0,21,6,1
34,41729.46,1,16643.65,0.3988,1,3,9,0
50,10000.0,0,8795.15,0.0,2,0,0,0
55,56684.7,4,8597.32,0.6067,0,10,1,0
41,10000.0,0,11008.1,0.0,0,22,21,1
57,43839.41,3,28958.89,1.9817,1,7,31,0
25,45225.29,1,34238.7,0.7571,1,1,28,0
39,53070.93,0,16737.66,0.0,2,1,34,0
34,44374.79,0,11281.86,0.0,1,15,16,1
46,75268.62,4,5582.19,0.2967,2,0,11,0
24,48244.75,0,18748.32,0.0,2,3,23,0
45,60804.19,0,29263.24,0.0,1,5,29,1
62,34148.06,1,13021.28,0.3813,2,29,29,0
45,46811.35,1,500.0,0.0107,0,20,19,1
38,68213.55,0,20360.4,0.0,1,19,6,1
60,41434.57,0,22883.2,0.0,0,13,6,1
28,47883.52,2,2313.23,0.0966,1,19,29,1
59,59712.8,2,16411.87,0.5497,0,25,11,1
60,33866.56,0,18609.81,0.0,4,14,30,0
34,12576.6,2,14415.14,2.2922,0,6,17,0
52,48833.6,1,8673.83,0.1776,0,6,1,1
58,59830.04,3,23127.5,1.1596,4,17,32,0
53,24728.31,0,11772.96,0.0,0,28,10,1
43,55053.3,0,3118.51,0.0,0,22,33,1
35,55154.5,0,500.0,0.0,0,1,15,1
53,10897.56,0,25086.8,0.0,0,19,34,1
45,30955.67,2,19933.31,1.2878,1,14,32,0
37,39062.57,1,15703.79,0.402,1,0,20,0
53,42305.64,0,11477.8,0.0,0,20,19,1
22,33852.99,0,10768.01,0.0,1,16,7,1
34,33044.96,1,6394.11,0.1935,0,19,25,1
60,70072.24,1,11548.35,0.1648,1,28,32,1
60,43386.61,1,500.0,0.0115,3,24,25,0
59,34574.35,0,9111.49,0.0,0,12,29,1
26,44382.46,0,12512.5,0.0,0,11,30,1
26,53056.36,1,19879.04,0.3747,0,23,32,1
23,45774.4,2,14680.59,0.6414,0,21,10,0
27,41914.09,1,21359.38,0.5096,2,14,4,0
28,35249.75,0,25793.08,0.0,0,23,1,1
62,35068.04,1,23465.36,0.6691,0,4,12,0
35,36032.87,0,18764.08,0.0,2,6,17,0
49,50082.22,0,15094.9,0.0,1,7,25,1
53,30087.3,1,7153.7,0.2378,0,22,24,1
50,50899.04,2,20919.55,0.822,0,13,13,0
59,66194.92,0,28437.98,0.0,0,3,4,1
47,49885.61,0,17736.85,0.0,2,20,1,0
56,39456.22,4,30338.07,3.0755,1,28,3,0
49,25528.1,0,2795.43,0.0,0,13,11,1
58,68671.6,0,5766.69,0.0,1,9,10,1
53,27449.74,1,21841.61,0.7957,0,21,3,0
57,57728.43,0,17114.32,0.0,2,29,8,1
47,54577.77,1,25510.26,0.4674,1,29,9,1
53,41448.47,2,14876.23,0.7178,3,27,26,0
24,41055.32,1,8056.2,0.1962,0,15,5,0
42,17464.33,1,13291.25,0.761,0,10,14,0
22,49950.98,0,2738.53,0.0,0,21,30,1
30,54298.89,1,5971.27,0.11,2,28,21,1
25,28663.8,1,22779.55,0.7947,0,24,5,0
30,42662.68,2,21982.3,1.0305,0,25,32,0
53,45567.93,1,17904.03,0.3929,1,13,28,0
58,53768.59,0,1231.38,0.0,0,13,20,1
33,45057.05,2,12132.77,0.5385,1,1,29,0
51,20605.21,1,5200.0,0.2524,1,21,20,1
56,37050.93,1,24412.27,0.6589,0,12,21,0
44,48369.39,2,10330.22,0.4271,1,2,19,0
35,57622.93,2,6314.02,0.2191,1,29,21,1
49,35735.45,0,15238.37,0.0,0,17,10,1
28,77814.75,2,9878.76,0.2539,2,21,30,1
25,16582.9,4,26869.95,6.481,0,3,12,0
49,36544.5,3,9121.51,0.7488,0,20,17,0
24,43754.5,0,3806.17,0.0,0,20,21,1
32,41988.76,2,500.0,0.0238,1,18,16,1
22,26517.87,1,14753.71,0.5563,0,15,24,0
47,51717.93,1,10504.56,0.2031,1,27,31,1
51,50566.41,1,3568.76,0.0706,2,3,14,0
56,45719.42,3,24513.81,1.6085,2,18,12,0
56,49977.66,0,20337.96,0.0,0,22,25,1
46,38643.35,1,14774.26,0.3823,2,14,10,0
63,20739.56,4,25914.61,4.9979,0,0,12,0
47,34250.4,1,20300.29,0.5927,1,15,32,0
25,47355.82,2,8417.15,0.3555,1,14,0,0
40,47441.17,2,6686.24,0.2819,1,15,26,1
31,45620.69,0,21543.85,0.0,1,21,31,1
30,53230.62,2,18170.94,0.6827,0,19,14,1
60,36282.81,3,16357.98,1.3525,2,0,30,0
58,45400.22,0,8228.02,0.0,1,16,5,1
26,53581.39,2,19863.58,0.7414,2,4,24,0
28,43726.65,2,8956.01,0.4096,1,29,17,1
43,26350.14,2,14184.11,1.0765,1,4,21,0
46,30577.67,2,26575.55,1.7382,0,25,30,0
63,57462.78,0,9713.33,0.0,0,6,8,1
32,65887.08,1,2416.09,0.0367,0,12,2,1
46,62629.25,2,6579.62,0.2101,1,11,32,1
33,48482.34,1,22954.39,0.4734,0,3,26,1
60,26953.01,1,17037.85,0.6321,0,29,0,1
38,44904.73,1,13968.98,0.3111,0,24,8,1
45,68433.83,1,10927.25,0.1597,2,3,4,0
53,54277.33,2,18882.88,0.6958,1,22,14,0
60,41887.84,0,8207.16,0.0,4,20,8,0
63,54429.38,3,17445.32,0.9615,2,20,27,0
32,25959.07,0,9149.96,0.0,0,5,12,1
64,34564.93,2,7818.72,0.4524,0,23,23,1
56,28737.13,1,9900.1,0.3445,1,14,9,1
24,52043.58,0,11996.74,0.0,0,20,21,1
25,55711.55,2,14609.36,0.5245,1,18,21,1
57,42692.61,0,16883.65,0.0,2,5,19,0
28,31906.05,0,500.0,0.0,1,29,9,1
62,44703.76,2,8538.8,0.382,1,11,9,0
48,37701.3,0,11867.44,0.0,1,13,25,1
51,33057.44,1,27040.5,0.818,0,17,24,0
29,50084.91,0,6359.98,0.0,1,27,27,1
49,33630.12,1,16302.37,0.4847,0,11,12,0
34,21504.75,0,26960.24,0.0,0,23,14,1
60,24838.28,3,4496.25,0.543,0,23,5,1
61,20951.09,0,18151.8,0.0,0,14,11,1
42,48712.68,0,8581.83,0.0,0,18,18,1
31,47256.08,3,10962.93,0.696,2,27,31,0
43,46507.8,1,8575.11,0.1844,1,7,10,0
21,53815.97,3,9145.14,0.5098,0,8,32,1
57,62879.38,2,36775.3,1.1697,0,4,1,0
41,36116.0,0,21755.65,0.0,1,4,14,0
46,51097.16,1,23813.9,0.466,2,5,4,0
56,21305.77,1,18935.95,0.8887,2,22,14,0
43,65680.65,1,2149.95,0.0327,0,2,9,1
21,26327.53,0,18159.66,0.0,1,4,16,0
60,34348.78,2,23583.44,1.3731,0,0,33,0
35,36034.36,2,8172.8,0.4536,0,10,23,0
41,22105.94,0,22722.61,0.0,1,25,9,1
29,45488.63,0,20634.69,0.0,0,20,29,1
29,48208.56,5,29816.32,3.0924,2,19,2,0
30,42158.79,0,11657.74,0.0,2,0,2,0
46,21896.29,0,6219.11,0.0,0,6,4,1
61,74750.79,1,12106.98,0.162,1,14,27,1
55,53238.46,2,26484.57,0.9949,0,16,13,0
45,84513.33,1,500.0,0.0059,1,28,10,1
46,32923.36,2,500.0,0.0304,0,7,7,1
31,59368.23,1,15715.16,0.2647,0,29,7,1
58,56689.11,1,11459.29,0.2021,0,25,11,1
22,40641.37,2,15061.82,0.7412,2,27,14,0
27,66165.76,1,22562.49,0.341,2,1,18,0
38,38918.85,1,10579.45,0.2718,1,25,27,1
47,39586.63,1,500.0,0.0126,1,12,6,1
54,10000.0,1,31355.85,3.1353,1,11,6,0
47,51135.42,1,7022.17,0.1373,2,4,29,0
37,25117.35,2,6527.7,0.5198,0,12,17,0
63,36739.18,0,23829.76,0.0,1,5,23,1
64,29606.71,1,11924.09,0.4027,0,24,5,1
44,39506.53,4,14492.88,1.4674,1,14,3,0
45,51658.2,0,18862.32,0.0,0,29,2,1
27,45167.12,0,23668.66,0.0,0,22,5,1
26,55644.62,1,12332.31,0.2216,0,21,25,1
44,63984.44,2,27159.62,0.8489,2,20,10,0
53,39468.06,4,500.0,0.0507,1,21,28,1
49,37821.49,2,21078.3,1.1146,1,29,19,0
63,59365.91,0,8283.78,0.0,2,10,9,0
42,60555.71,0,25978.17,0.0,1,3,25,1
46,56108.86,1,16136.36,0.2876,0,0,26,1
48,30717.32,0,9616.76,0.0,0,14,13,1
41,51339.83,1,20302.73,0.3954,0,11,11,1
27,46642.06,3,22145.51,1.4244,0,8,22,0
37,60787.93,0,20135.15,0.0,0,10,20,1
40,36406.92,3,6762.43,0.5572,0,4,7,0
61,20000.85,1,11127.86,0.5563,0,23,8,1
40,55353.55,0,14967.42,0.0,2,6,23,0
42,10000.0,1,14669.92,1.4668,0,7,30,0
48,34027.3,0,20997.96,0.0,0,0,24,1
60,29652.07,1,500.0,0.0169,2,24,16,0
27,29550.98,2,17674.62,1.1962,0,0,28,0
21,33764.53,1,12680.15,0.3755,1,2,2,0
52,63260.6,1,8292.0,0.1311,2,7,20,0
33,57308.33,4,9060.11,0.6324,1,27,7,1
50,41224.04,4,13283.7,1.2889,0,10,13,0
43,62004.35,1,500.0,0.0081,2,0,15,0
39,29065.54,1,9389.68,0.323,0,13,17,1
52,27025.75,1,7993.48,0.2958,2,0,30,0
50,57953.95,0,19262.27,0.0,0,5,10,1
49,53694.65,2,8555.79,0.3187,0,20,19,1
49,38096.05,2,13279.09,0.6971,2,26,3,0
50,27968.09,0,27338.21,0.0,1,5,19,1
36,66895.98,1,22954.81,0.3431,0,2,30,1
60,19198.46,1,22218.17,1.1572,0,9,19,0
39,36023.61,1,11001.02,0.3054,1,11,10,0
38,48428.65,0,19344.26,0.0,2,9,0,0
21,72032.47,1,13128.82,0.1823,0,21,17,1
34,50746.5,0,13431.25,0.0,1,1,32,1
22,52204.57,1,18277.48,0.3501,1,23,17,0
48,36459.24,0,10224.05,0.0,1,27,30,1
50,53527.2,5,26944.02,2.5168,2,21,34,0
58,46579.64,3,13718.96,0.8836,1,12,14,0
24,21173.03,0,19946.88,0.0,0,15,5,1
21,56894.02,3,26644.8,1.4049,0,12,7,0
28,59555.9,0,23253.23,0.0,0,3,21,1
49,57050.48,0,3728.65,0.0,3,3,0,0
59,45499.92,1,18559.17,0.4079,0,29,12,1
23,30657.35,0,21805.76,0.0,1,10,23,1
52,10362.24,1,22134.9,2.1359,0,22,20,0
30,47355.8,2,6093.64,0.2574,1,13,3,0
30,61229.13,3,9743.72,0.4774,1,2,6,0
39,59932.99,0,22956.47,0.0,1,26,11,1
54,57241.09,0,8905.92,0.0,0,18,12,1
53,43886.84,2,12602.43,0.5743,2,21,15,0
43,61311.96,1,27607.01,0.4503,2,24,5,0
48,58862.43,2,14617.61,0.4967,4,0,13,0
52,38660.5,1,9185.81,0.2376,1,4,30,0
27,55148.97,1,7979.06,0.1447,0,16,34,1
49,36960.61,0,17661.75,0.0,1,0,9,0
28,53100.36,1,4334.82,0.0816,1,18,16,1
21,25513.25,2,13021.31,1.0207,0,18,29,0
23,26666.82,2,17665.84,1.3249,0,3,6,0
44,60873.11,0,25393.2,0.0,1,18,17,1
43,59063.4,2,20340.38,0.6888,0,5,18,0
28,54504.17,1,9287.48,0.1704,0,27,14,1
57,46319.53,1,24427.35,0.5274,1,14,21,1
23,10000.0,1,12603.88,1.2603,1,3,29,0
53,43876.86,1,5114.38,0.1166,1,23,19,1
48,51812.75,1,13623.67,0.2629,0,0,31,1
28,36979.0,0,26505.35,0.0,2,23,24,0
54,34312.59,0,16321.92,0.0,0,26,22,1
55,66666.31,1,15100.17,0.2265,0,16,4,1
52,44095.67,2,28097.69,1.2744,0,10,29,0
44,51821.93,1,3549.16,0.0685,0,16,26,1
34,56611.97,3,4715.21,0.2499,1,22,6,1
52,29978.44,1,2073.23,0.0692,1,0,4,0
63,47898.11,1,17981.19,0.3754,0,8,14,1
36,64794.67,0,16331.95,0.0,1,13,7,1
24,72288.35,2,27341.89,0.7565,1,14,8,0
57,45599.05,2,16947.8,0.7433,0,23,10,1
41,41430.85,0,11766.74,0.0,2,28,21,1
34,49035.36,0,15014.36,0.0,0,0,33,1
51,48654.56,0,15941.66,0.0,3,1,34,0
38,65801.37,2,1625.91,0.0494,1,17,12,1
27,30054.12,1,36682.65,1.2205,0,17,10,0
30,40801.9,2,19158.97,0.9391,1,5,31,0
27,28242.88,0,16680.07,0.0,0,19,14,1
53,29818.58,2,19921.31,1.3361,0,7,0,0
43,50648.61,2,20675.29,0.8164,0,0,23,0
41,57147.87,0,13875.57,0.0,2,14,21,0
39,35259.12,0,9950.07,0.0,2,9,2,0
39,56581.42,1,19795.61,0.3499,0,29,13,1
56,61673.68,1,18085.69,0.2932,2,3,1,0
49,74020.59,1,8520.88,0.1151,0,9,31,1
38,46046.2,1,26352.28,0.5723,0,10,32,0
22,35403.53,2,17346.82,0.9799,1,4,5,0
21,29962.92,3,20838.55,2.0864,1,8,24,0
25,28473.1,1,26135.37,0.9179,1,4,33,0
40,63746.71,2,15175.11,0.4761,2,28,10,0
31,22273.57,2,17535.62,1.5745,1,10,6,0
62,63266.23,0,21480.22,0.0,2,2,21,1
22,31973.38,2,9201.11,0.5755,0,26,9,1
23,34721.91,2,15432.41,0.8889,0,3,20,0
43,42726.67,3,16004.39,1.1237,3,9,5,0
32,34445.18,1,7351.53,0.2134,0,6,0,0
40,58979.7,1,33541.09,0.5687,1,0,33,0
25,72200.16,0,3741.65,0.0,1,26,13,1
57,35138.52,0,4615.17,0.0,0,5,26,1
58,38516.43,1,25513.81,0.6624,3,7,8,0
50,42550.19,1,20706.13,0.4866,0,16,5,0
29,53115.85,0,6792.28,0.0,1,23,30,1
54,42697.74,1,19858.31,0.4651,1,6,16,0
64,65808.86,1,26742.8,0.4064,3,0,20,0
55,62199.36,2,14757.9,0.4745,0,8,26,0
42,27218.06,1,35790.58,1.3149,4,10,27,0
64,52814.52,0,1207.51,0.0,1,18,15,1
44,67805.09,1,20550.59,0.3031,0,1,34,1
37,37578.29,0,24332.23,0.0,0,22,34,1
30,40586.03,0,22130.75,0.0,0,10,18,1
50,37079.45,0,13365.15,0.0,0,2,20,1
43,37393.87,2,12676.47,0.678,0,16,32,0
52,19973.23,1,18553.16,0.9289,0,9,22,0
37,25075.28,1,21526.04,0.8584,0,28,5,0
37,46162.11,1,19819.79,0.4293,0,2,31,0
34,67703.97,1,23320.46,0.3444,0,21,21,1
29,35799.59,1,6849.04,0.1913,1,2,2,0
60,35358.64,1,13177.83,0.3727,0,20,34,1
22,70522.82,1,7479.87,0.1061,2,24,15,1
45,28376.14,3,11911.1,1.2592,3,6,24,0
59,20081.35,1,23121.77,1.1513,1,1,16,0
29,32572.27,1,15863.87,0.487,2,0,12,0
42,35058.23,2,35854.87,2.0454,1,6,27,0
63,18788.2,1,16547.25,0.8807,2,19,10,0
24,43079.37,3,15477.54,1.0778,1,10,9,0
46,59226.7,1,15849.46,0.2676,0,22,23,1
49,25710.68,0,9897.53,0.0,1,5,23,0
54,46313.67,3,14537.31,0.9416,1,22,32,0
43,50939.04,0,24022.3,0.0,0,3,16,1
57,43749.24,1,15911.77,0.3637,1,18,34,1
31,47785.39,0,8652.32,0.0,1,27,5,1
26,47959.91,1,7599.32,0.1584,2,20,15,0
38,32809.08,2,11398.38,0.6948,0,18,27,0
41,67478.74,0,15590.91,0.0,1,13,31,1
62,63716.35,1,24548.69,0.3853,2,2,25,0
56,62848.67,3,4276.09,0.2041,2,3,10,0
61,60205.14,2,12441.39,0.4133,1,7,24,1
58,21375.31,2,16154.48,1.5114,0,17,30,0
54,58890.94,0,500.0,0.0,1,3,20,1
37,54834.02,1,8331.21,0.1519,0,10,2,1
57,21952.15,0,9560.89,0.0,0,15,11,1
45,41776.34,2,8632.24,0.4132,0,2,24,1
58,49151.9,2,16535.12,0.6728,2,6,16,0
32,69964.76,2,13715.52,0.3921,0,1,18,1
43,55870.86,1,10557.71,0.189,0,0,1,1
62,32031.51,0,18423.7,0.0,0,25,16,1
42,70430.83,0,28784.6,0.0,0,0,29,1
41,45656.7,2,28114.05,1.2315,2,5,9,0
47,41162.38,1,500.0,0.0121,0,18,34,1
51,40093.23,0,19616.58,0.0,0,6,32,1
26,20646.67,0,13575.81,0.0,1,23,0,1
47,43353.46,0,16241.24,0.0,0,4,17,1
60,52462.28,0,11813.74,0.0,0,20,3,1
54,39219.25,3,15940.71,1.2193,2,27,26,0
32,51306.79,1,16211.26,0.316,0,17,24,1
27,32034.13,0,10368.39,0.0,2,23,27,1
30,42886.08,2,7829.06,0.3651,0,25,21,1
37,49748.1,1,11410.43,0.2294,1,12,24,0
46,47844.91,3,16874.07,1.058,0,0,16,0
41,20918.02,1,19791.97,0.9461,1,9,11,0
48,38414.91,1,21826.79,0.5682,0,8,15,0
22,70161.94,5,11046.48,0.7872,2,16,15,0
63,37613.31,1,17270.76,0.4592,1,0,16,0
21,45237.11,1,22700.02,0.5018,0,0,30,1
56,43698.66,1,24324.76,0.5566,1,6,14,0
46,68523.6,1,14529.34,0.212,0,3,12,1
49,64355.52,0,13232.55,0.0,0,27,26,1
41,57112.96,1,16528.99,0.2894,1,22,20,1
31,30401.37,0,5802.34,0.0,0,20,1,1
60,50387.75,0,13451.12,0.0,1,11,7,1
31,53519.13,1,20956.69,0.3916,1,15,6,0
56,34520.93,2,20135.58,1.1665,3,13,9,0
59,31942.24,1,12837.86,0.4019,1,22,3,0
60,70575.21,1,16741.75,0.2372,1,9,34,1
55,40487.95,0,8402.8,0.0,0,13,2,1
54,69224.65,2,20627.94,0.596,0,6,17,1
44,59956.41,0,14377.43,0.0,0,3,23,1
42,51118.15,3,12792.39,0.7507,2,1,31,0
25,51787.97,3,12106.21,0.7013,2,23,33,0
53,23993.71,1,14496.85,0.6042,0,17,1,0
56,48101.62,0,11416.98,0.0,0,15,1,1
40,66255.31,1,20265.14,0.3059,0,8,9,1
39,55220.09,1,11837.73,0.2144,0,4,22,1
55,47315.05,3,27743.71,1.759,0,8,14,0
63,70679.06,1,26721.68,0.3781,0,24,11,1
37,42224.39,0,7867.65,0.0,0,29,16,1
63,35706.66,2,15557.63,0.8714,1,7,17,0
54,47307.48,0,9794.75,0.0,1,23,13,1
29,56497.01,0,12386.82,0.0,1,19,16,1
46,19233.09,1,31019.42,1.6127,0,15,14,0
22,49273.03,1,12539.43,0.2545,0,29,11,1
29,57155.18,1,17881.81,0.3129,0,19,15,1
29,40955.38,0,19330.57,0.0,0,29,31,1
60,61604.47,3,6994.97,0.3406,1,17,22,1
37,54617.8,1,8159.24,0.1494,1,3,33,1
21,77120.75,0,5351.82,0.0,0,15,33,1
45,33740.96,2,7912.23,0.469,1,3,15,0
63,57460.65,2,500.0,0.0174,2,5,33,1
60,29740.14,1,19356.66,0.6508,0,2,6,0
62,20769.5,1,31433.55,1.5134,1,17,32,0
45,14467.04,2,16182.57,2.237,0,14,3,0
59,53074.86,0,3669.85,0.0,0,7,6,1
55,47763.72,1,9857.79,0.2064,0,17,17,1
23,37814.23,2,11328.99,0.5992,1,23,3,0
57,18397.43,0,6859.32,0.0,0,22,10,1
64,34644.2,1,21881.46,0.6316,4,2,19,0
64,45061.4,1,21482.08,0.4767,0,5,10,0
50,56897.54,1,5756.39,0.1012,1,21,14,1
58,44751.96,2,20800.65,0.9296,2,25,16,0
54,48780.91,1,27214.5,0.5579,0,29,33,1
32,39358.01,1,30220.47,0.7678,0,20,11,1
39,71238.36,3,37921.7,1.5969,0,28,27,0
57,29726.26,2,7784.06,0.5237,1,23,34,0
64,34511.43,1,37593.76,1.0893,1,14,7,0
37,37614.63,0,12166.35,0.0,3,26,26,1
30,53140.57,0,10260.28,0.0,2,11,21,1
32,29417.1,0,17616.58,0.0,0,4,23,1
36,47035.78,1,10343.51,0.2199,1,6,1,0
44,47473.65,0,18192.35,0.0,1,21,30,1
39,34584.63,0,4439.38,0.0,2,26,21,0
28,49949.69,3,13089.98,0.7862,0,14,0,0
51,29882.79,1,25284.66,0.8461,3,6,13,0
41,28243.89,0,14543.51,0.0,0,12,24,1
37,46494.09,0,16132.77,0.0,0,24,2,1
43,20103.67,0,18802.07,0.0,1,2,4,0
57,12827.96,2,24365.29,3.7985,0,25,0,0
36,52992.5,2,1758.2,0.0664,0,22,18,1
26,60734.55,0,19676.19,0.0,0,12,32,1
28,37997.95,2,12854.89,0.6766,1,25,29,0
45,34978.94,1,16333.1,0.4669,2,2,11,0
38,60083.03,2,23479.6,0.7816,3,28,9,0
45,27816.93,0,5446.51,0.0,0,1,33,1
32,24549.41,1,6898.84,0.281,0,27,15,1
35,55614.55,2,500.0,0.018,2,22,28,1
46,45135.57,2,10606.73,0.47,0,3,14,0
61,60973.15,3,25643.46,1.2617,0,16,10,0
46,12896.01,2,14035.3,2.1765,1,5,33,0
52,23989.89,0,4279.0,0.0,1,10,29,0
30,45214.98,1,11114.57,0.2458,0,5,34,1
36,51265.11,2,3097.11,0.1208,0,21,8,1
27,57704.96,0,5998.51,0.0,0,1,17,1
37,47622.27,1,18110.55,0.3803,0,16,18,1
43,47469.83,2,5609.01,0.2363,0,2,3,1
46,39158.98,2,23901.07,1.2207,0,11,5,0
41,68863.57,2,14431.04,0.4191,0,13,32,1
42,28454.65,0,15684.76,0.0,0,1,31,1
27,50385.3,2,12773.02,0.507,1,21,15,1
34,30182.87,1,21182.78,0.7018,2,28,10,0
35,53021.68,1,21265.28,0.4011,1,27,21,1
27,29444.74,1,17680.43,0.6004,3,21,22,0
29,56157.24,2,19518.31,0.6951,0,28,25,1
28,46681.57,1,13303.28,0.285,0,4,30,1
43,71169.59,0,19337.62,0.0,1,9,28,1
49,40784.71,4,12296.98,1.206,0,9,4,0
38,51374.49,1,15017.85,0.2923,1,20,24,1
51,33305.16,0,12802.85,0.0,0,8,33,1
50,40681.6,0,11342.25,0.0,2,29,11,1
59,46586.24,1,9487.11,0.2036,1,20,21,1
55,22091.7,0,18741.52,0.0,3,12,8,0
38,23735.64,0,25484.85,0.0,0,9,19,1
62,53997.89,4,24368.82,1.8051,0,5,28,0
59,42808.7,1,4947.48,0.1156,1,10,28,1
37,36106.1,0,25313.62,0.0,1,3,26,1
34,33945.21,2,12454.73,0.7338,0,25,16,0
51,34522.67,1,19805.86,0.5737,0,13,4,0
44,46688.26,0,7750.28,0.0,2,29,12,1
55,51675.54,0,16135.84,0.0,0,16,14,1
64,13618.39,0,17509.79,0.0,1,19,14,1
54,66192.51,0,3123.16,0.0,1,1,17,1
23,65125.51,1,19866.14,0.305,1,9,1,0
57,10040.18,0,25767.48,0.0,3,2,22,0
63,61288.9,2,13602.82,0.4439,0,6,12,0
60,60828.28,0,25881.35,0.0,1,6,3,1
46,45006.68,1,13482.45,0.2996,1,0,24,0
43,25542.47,4,21796.68,3.4133,0,7,10,0
64,60228.42,1,500.0,0.0083,0,22,11,1
59,41381.53,2,34350.22,1.6601,1,0,12,0
35,53233.18,1,26963.67,0.5065,1,7,8,0
24,78288.02,2,12723.0,0.325,0,13,5,1
49,48777.55,1,500.0,0.0103,1,13,9,1
42,31246.73,1,17304.23,0.5538,1,1,22,0
45,39964.04,2,3448.6,0.1726,1,7,14,1
33,33158.32,1,18558.83,0.5597,0,18,22,1
38,51502.35,2,18292.53,0.7103,1,9,33,0
53,32908.99,0,7468.77,0.0,0,6,15,1
36,37907.23,0,23967.74,0.0,1,12,31,1
62,25733.54,2,21444.6,1.6666,0,21,4,0
64,43018.69,2,22806.59,1.0603,2,20,16,0
22,47651.32,0,15070.86,0.0,0,14,21,1
55,10000.0,1,3675.81,0.3675,0,10,17,0
62,48893.6,4,22822.98,1.8671,1,25,27,0
54,44314.5,1,12837.03,0.2897,0,13,12,1
50,33525.12,1,3881.76,0.1158,1,10,0,0
33,75429.43,1,25816.31,0.3423,0,1,18,1
33,59377.15,0,31795.26,0.0,1,1,33,1
38,28553.96,1,14670.01,0.5137,0,28,3,1
52,57573.55,1,32272.97,0.5605,2,11,2,0
52,63667.47,1,15730.52,0.2471,2,14,9,0
55,46980.31,2,11956.35,0.509,1,16,27,1
59,50421.63,1,9956.33,0.1975,2,13,33,1
49,50075.2,2,28096.66,1.1222,0,24,18,0
49,13712.76,1,8758.85,0.6387,0,15,2,0
64,42196.96,2,20882.15,0.9897,0,26,22,0
36,41416.31,0,10526.69,0.0,0,7,16,1
64,66452.33,0,11317.55,0.0,0,23,6,1
30,50005.92,2,23242.0,0.9296,1,16,25,0
50,40535.84,1,11959.71,0.295,2,4,17,0
45,43648.13,1,11761.64,0.2695,1,11,5,1
59,60350.78,0,24062.44,0.0,0,5,30,1
40,42231.23,1,27779.18,0.6578,1,17,28,0
25,34527.07,0,20157.52,0.0,3,25,8,0
21,40864.47,2,9761.84,0.4778,1,4,34,1
50,59110.44,0,10915.13,0.0,0,5,16,1
23,52442.47,0,15639.32,0.0,1,8,11,1
34,45664.02,0,17567.44,0.0,0,14,23,1
50,47873.09,2,7097.07,0.2965,0,9,9,1
24,36603.86,2,20784.3,1.1356,1,16,29,0
38,42090.76,3,15684.11,1.1179,1,28,28,0
57,35050.44,3,1274.33,0.1091,0,25,9,1
45,40578.31,2,7568.59,0.373,0,18,27,1
21,65192.67,1,10966.97,0.1682,0,11,17,1
35,28831.92,0,14417.14,0.0,1,8,16,0
29,34669.24,2,30114.23,1.7372,0,14,10,0
35,26185.52,2,16905.37,1.2912,1,13,0,0
44,22936.37,3,8273.82,1.0821,0,0,16,0
24,42198.42,1,16765.05,0.3973,0,16,8,1
32,35735.86,1,12183.3,0.3409,2,0,27,0
57,71425.33,1,17598.07,0.2464,1,22,32,1
57,40757.3,3,19644.54,1.4459,0,28,2,0
63,64340.95,1,24673.85,0.3835,2,20,7,0
26,59520.1,1,14805.71,0.2487,1,21,5,0
59,41865.69,2,28111.68,1.3429,0,12,5,0
44,76652.03,2,22264.18,0.5809,0,29,28,1
31,49028.01,1,9340.48,0.1905,0,7,11,1
33,67695.14,1,32678.85,0.4827,1,29,8,1
54,65948.95,3,17615.96,0.8013,0,12,18,0
45,51219.72,2,8319.0,0.3248,4,15,16,0
27,56266.96,0,28223.3,0.0,3,1,31,0
24,54361.07,2,31622.22,1.1634,0,12,34,0
28,27836.08,1,14735.8,0.5294,1,17,13,0
40,45859.36,3,10970.8,0.7177,0,2,15,0
49,61113.71,1,13621.0,0.2229,0,12,20,1
30,67892.79,2,20717.85,0.6103,1,18,11,1
63,34190.4,0,25222.85,0.0,1,12,23,1
54,52932.47,2,19563.9,0.7392,1,18,33,0
46,47263.05,2,15813.79,0.6692,2,3,7,0
61,43231.89,1,26984.09,0.6242,0,18,20,1
23,50340.04,0,12497.31,0.0,3,17,7,0
26,48269.96,2,23247.35,0.9632,1,24,27,0
25,53121.11,3,12695.5,0.717,2,5,15,0
25,66625.75,0,18448.18,0.0,2,18,9,1
43,56761.91,1,14091.5,0.2483,0,24,14,1
29,49658.87,1,14553.18,0.2931,0,3,3,0
55,72969.38,0,11980.91,0.0,1,3,25,1
40,61648.94,1,25758.83,0.4178,0,23,14,1
62,43614.02,2,9136.59,0.419,1,6,31,0
55,26743.19,0,9078.14,0.0,1,6,3,0
38,30182.54,1,31967.95,1.0591,0,25,8,0
37,58998.49,2,22822.78,0.7737,2,22,34,0
44,35545.31,3,500.0,0.0422,1,25,27,1
23,29879.17,0,10477.93,0.0,0,15,8,1
52,33628.72,1,504.09,0.015,0,26,1,1
55,34689.24,2,7394.47,0.4263,0,15,2,0
58,57759.72,2,500.0,0.0173,1,4,4,1
33,42648.87,1,13904.08,0.326,0,14,9,1
45,24414.38,1,5864.47,0.2402,1,22,27,0
29,45465.67,1,15479.24,0.3405,0,3,14,1
24,48333.99,2,1999.03,0.0827,1,23,13,1
34,37809.95,2,15663.29,0.8285,2,24,22,0
57,62338.28,1,11680.67,0.1874,1,12,12,0
54,38685.92,0,27015.62,0.0,2,27,15,0
31,61625.07,2,26290.85,0.8532,1,18,29,0
61,53951.74,3,21282.76,1.1834,0,6,7,0
23,58899.08,1,12387.09,0.2103,1,11,16,1
48,28521.74,1,30883.04,1.0828,0,25,29,0
49,46474.65,0,2575.72,0.0,0,8,16,1
29,44207.58,2,3771.53,0.1706,1,16,34,0
23,23669.9,0,14329.74,0.0,1,1,0,0
45,61575.91,1,33032.3,0.5364,0,15,23,1
54,32738.99,1,13381.29,0.4087,1,6,24,0
32,35856.48,0,13534.04,0.0,1,28,1,1
62,29800.26,1,3464.72,0.1163,0,17,24,1
29,55517.79,1,22567.44,0.4065,0,6,13,0
35,22111.05,2,22625.41,2.0464,2,0,32,0
60,54268.12,2,21312.6,0.7854,0,2,16,0
45,60667.71,0,9966.23,0.0,1,20,30,1
25,53057.68,2,9346.35,0.3523,3,29,9,0
31,55689.43,0,4655.02,0.0,1,27,5,1
54,56393.2,0,15670.98,0.0,1,29,24,1
44,30758.64,1,6356.74,0.2067,0,10,29,1
35,66521.02,1,5580.67,0.0839,0,21,33,1
58,38098.86,0,11610.47,0.0,0,14,17,1
28,44004.19,3,11086.75,0.7558,0,28,23,0
25,40010.44,0,10696.17,0.0,2,24,26,1
46,52373.13,1,18731.56,0.3576,1,24,26,1
38,36929.44,1,15632.38,0.4233,1,2,20,0
26,46003.74,1,12694.75,0.2759,1,29,18,1
57,26469.84,1,16464.1,0.622,0,23,22,1
33,62469.98,1,7067.78,0.1131,0,12,14,1
48,55061.11,1,15842.23,0.2877,1,3,1,0
25,40616.1,2,16204.82,0.7979,0,22,34,1
33,37962.76,1,2975.63,0.0784,2,21,19,1
37,54669.42,2,22965.55,0.8401,1,7,27,0
60,34390.6,1,7948.53,0.2311,0,21,14,1
52,46880.48,1,15722.48,0.3354,1,3,15,0
49,62420.98,1,24315.29,0.3895,1,17,32,1
23,32831.14,1,22405.41,0.6824,2,6,11,0
60,50529.01,1,15274.67,0.3023,0,10,19,1
54,49735.88,1,12100.01,0.2433,1,28,28,1
60,43539.95,0,22580.1,0.0,0,26,2,1
47,37443.16,0,20397.56,0.0,1,3,4,0
33,63221.96,1,10053.08,0.159,0,12,1,1
53,36036.47,1,8640.85,0.2398,1,8,22,0
26,17819.42,3,500.0,0.0842,1,8,25,1
44,54608.0,0,16232.25,0.0,0,22,25,1
39,26980.45,0,14338.42,0.0,1,20,6,0
36,55378.22,0,24089.53,0.0,0,18,9,1
60,65023.55,3,17872.44,0.8246,0,2,4,0
48,54446.25,2,25673.83,0.9431,0,24,11,0
53,61071.17,0,9421.09,0.0,1,24,31,1
61,75300.74,1,24105.2,0.3201,1,11,30,1
33,59501.41,2,10768.67,0.362,0,28,21,1
63,49958.6,0,21220.77,0.0,2,10,16,0
45,69509.22,1,3329.93,0.0479,1,19,19,1
62,71321.63,0,16881.08,0.0,2,10,19,0
56,71531.58,3,500.0,0.021,0,16,7,1
47,37617.85,2,12862.9,0.6839,0,28,33,1
58,24689.72,2,18522.83,1.5004,0,25,22,0
27,36702.12,1,10832.25,0.2951,1,20,27,1
25,55554.62,1,6596.5,0.1187,0,13,12,1
63,47387.38,3,21768.95,1.3781,1,15,28,0
51,41902.79,1,14172.3,0.3382,0,23,7,1
43,53407.22,0,11083.43,0.0,0,9,10,1
62,22937.92,1,15335.17,0.6685,0,3,17,0
30,47117.54,1,36093.35,0.766,0,9,24,0
52,61776.86,1,24228.02,0.3922,2,25,21,1
63,53239.73,3,24300.59,1.3693,0,19,34,0
50,55377.15,0,18484.37,0.0,1,28,28,1
59,68960.59,1,16331.88,0.2368,0,11,20,1
51,44007.85,1,500.0,0.0114,1,29,6,1
38,35203.63,0,9568.16,0.0,0,8,11,1
56,62842.73,2,11155.4,0.355,1,14,23,1
22,62566.81,0,500.0,0.0,0,8,31,1
34,53374.38,0,5740.67,0.0,0,6,26,1
33,42594.43,2,500.0,0.0235,0,25,31,1
49,45020.69,0,14693.41,0.0,1,23,31,1
32,25848.41,2,21550.13,1.6674,0,11,31,0
59,61694.2,1,23854.2,0.3866,2,27,25,0
22,61164.77,2,18318.28,0.599,0,19,10,1
52,25324.76,1,7292.83,0.288,1,23,17,0
33,58014.48,1,500.0,0.0086,0,13,4,1
47,51061.52,2,945.05,0.037,0,21,15,1
61,29670.39,1,4848.14,0.1634,0,15,10,1
37,26910.0,0,7889.12,0.0,0,28,34,1
60,50602.4,1,13722.01,0.2712,1,18,10,1
51,39034.44,1,6886.69,0.1764,2,22,22,0
54,72299.23,1,17711.81,0.245,0,2,33,1
44,59288.98,1,13141.81,0.2217,1,10,16,0
55,52105.4,1,15084.37,0.2895,2,22,9,0
26,52846.19,1,24122.0,0.4564,0,20,17,1
39,64963.01,1,5558.15,0.0856,0,19,7,1
50,57697.77,0,18349.64,0.0,1,18,25,1
27,52496.5,0,14888.21,0.0,2,7,2,0
30,30296.08,1,12332.11,0.407,1,19,23,1
61,90929.2,0,22082.05,0.0,1,7,2,1
52,28452.26,0,22032.11,0.0,1,25,1,1
54,40311.86,0,7428.07,0.0,1,2,34,1
48,20179.08,1,13542.72,0.6711,2,9,16,0
35,53081.97,0,17249.69,0.0,1,12,8,0
50,47266.66,1,12815.95,0.2711,0,8,21,1
57,56479.15,2,19680.17,0.6969,0,5,30,0
49,18914.02,1,17249.54,0.9119,1,14,33,0
42,61693.59,1,29660.49,0.4808,1,15,23,0
24,32888.47,0,2757.77,0.0,0,4,8,0
40,42764.92,4,14020.51,1.3114,0,20,1,0
52,58973.57,0,7731.98,0.0,0,12,20,1
56,48919.0,0,19832.86,0.0,1,18,33,1
24,49979.14,1,2062.62,0.0413,1,1,26,1
47,56987.68,2,17770.5,0.6237,1,5,6,0
37,51431.86,2,9959.61,0.3873,0,26,21,1
32,39883.38,1,9126.71,0.2288,0,0,3,0
42,42502.96,1,3428.01,0.0807,2,14,13,0
37,48178.18,2,11279.39,0.4682,0,14,33,0
30,31566.66,2,23676.0,1.5,0,13,22,0
21,59940.13,2,14798.49,0.4938,0,6,24,0
42,49329.81,0,20021.44,0.0,2,4,0,0
46,46121.64,1,28317.13,0.614,1,19,14,0
38,62887.45,1,17110.04,0.2721,0,24,31,1
34,43198.3,2,10529.6,0.4875,3,25,13,0
49,42263.69,1,18738.02,0.4433,1,15,20,0
32,37730.57,1,10645.63,0.2821,2,16,6,0
56,50146.01,2,10964.62,0.4373,1,10,20,0
55,49626.75,0,2840.86,0.0,0,14,11,1
32,35005.74,1,22410.06,0.6402,1,19,14,0
27,42334.59,3,11911.98,0.8441,1,15,14,0
49,35105.97,0,16456.79,0.0,1,2,16,1
31,34426.97,2,6712.3,0.3899,0,5,33,0
53,19051.53,1,18487.58,0.9703,0,20,34,0
26,41536.35,3,8904.47,0.6431,3,22,13,0
35,19466.8,0,13866.33,0.0,1,12,4,0
52,38057.76,2,22022.61,1.1573,1,0,29,0
31,35809.58,0,21326.07,0.0,2,28,3,1
43,60778.43,1,14823.76,0.2439,0,20,14,1
46,29775.98,1,854.95,0.0287,1,13,34,1
54,33582.2,2,38942.48,2.3192,0,1,9,0
54,39277.14,2,28966.87,1.475,0,1,1,0
49,36297.85,1,20781.4,0.5725,1,26,23,0
24,65538.82,0,8974.37,0.0,0,14,27,1
37,27921.49,0,14091.26,0.0,0,26,21,1
55,39308.93,0,10652.64,0.0,1,17,31,1
33,49980.98,2,25110.85,1.0048,0,8,30,0
61,58217.75,1,17100.02,0.2937,0,25,18,1
59,39296.38,1,8726.69,0.2221,4,2,20,0
35,16228.51,0,11233.96,0.0,0,3,2,0
49,42748.44,0,23969.51,0.0,0,14,5,1
49,65280.43,2,27800.78,0.8517,0,4,31,0
31,49232.81,0,27226.65,0.0,3,29,1,0
52,48546.27,1,21056.26,0.4337,2,19,23,0
22,29054.73,3,12979.0,1.3401,1,19,26,0
34,27514.93,2,500.0,0.0363,0,4,8,1
40,45270.62,1,17377.28,0.3838,1,9,12,0
42,23604.32,1,14985.37,0.6348,0,15,13,0
31,56720.43,3,16119.86,0.8526,0,24,10,1
47,32300.31,3,15431.18,1.4332,3,11,13,0
23,44630.14,0,4389.9,0.0,0,24,15,1
37,16713.5,1,19459.27,1.1642,0,29,9,0
64,39092.97,1,20057.73,0.5131,0,13,19,0
48,27212.09,0,20458.71,0.0,0,21,15,1
49,10170.65,1,22572.62,2.2192,0,10,33,0
41,53127.63,0,19832.41,0.0,1,27,15,1
36,69617.39,3,11719.76,0.505,1,29,13,1
57,61942.1,1,14433.31,0.233,1,18,27,0
40,55225.36,0,15729.0,0.0,1,5,17,0
26,38788.18,0,15861.6,0.0,2,9,25,0
39,57088.35,2,22985.74,0.8053,0,19,6,0
25,63357.8,2,20149.35,0.636,2,2,33,0
23,47052.33,0,31618.75,0.0,2,21,6,0
21,27234.6,3,32651.75,3.5966,3,14,32,0
58,37509.24,1,15637.2,0.4169,2,10,34,0
35,70540.45,0,500.0,0.0,1,21,20,1
54,43878.84,1,24894.66,0.5673,0,1,27,0
55,10000.0,1,10676.99,1.0676,0,24,31,0
45,22966.15,2,8588.13,0.7479,0,23,15,0
44,38633.27,1,11812.44,0.3058,0,5,9,0
32,60537.38,1,11426.86,0.1888,1,16,22,1
38,40903.16,0,19898.16,0.0,2,27,14,1
35,60816.47,1,2524.51,0.0415,0,17,5,1
64,37107.56,2,6378.23,0.3438,2,3,32,0
36,15535.61,1,17745.27,1.1422,3,22,11,0
47,37626.58,3,19983.55,1.5933,2,8,30,0
28,50174.18,1,20132.33,0.4012,2,9,9,0
45,48929.26,2,8703.71,0.3558,0,20,33,1
37,26173.38,3,7173.87,0.8222,0,25,9,0
49,39732.06,1,10946.92,0.2755,0,1,10,0
28,85270.11,2,16918.98,0.3968,0,28,13,1
35,26500.97,0,26883.82,0.0,0,10,2,1
47,54910.85,1,500.0,0.0091,1,10,32,1
27,13549.86,0,13234.17,0.0,0,10,6,1
23,57956.88,0,4338.57,0.0,0,0,3,1
49,31615.12,1,1782.06,0.0564,1,25,9,1
64,51031.32,1,22735.65,0.4455,0,13,14,0
44,25627.12,0,19357.0,0.0,1,28,15,1
23,49362.79,2,18595.47,0.7534,0,29,3,1
40,31370.25,1,22368.21,0.713,0,0,3,0
35,34274.28,0,11162.25,0.0,0,20,26,1
45,51629.79,0,11538.9,0.0,1,29,21,1
50,38544.22,0,32485.84,0.0,1,22,21,1
34,50705.72,4,13027.43,1.0277,1,24,16,0
27,42137.38,2,20881.06,0.9911,0,8,33,0
37,46012.41,2,15051.05,0.6542,1,23,31,0
64,51676.3,1,500.0,0.0097,0,0,5,1
40,39749.72,3,500.0,0.0377,2,20,32,1
56,30059.25,3,10368.13,1.0347,3,21,7,0
29,37015.32,1,23448.81,0.6335,1,21,4,0
58,62927.09,2,21306.33,0.6772,1,3,4,0
42,46742.6,0,22312.62,0.0,0,0,9,1
22,32326.52,3,7103.63,0.6592,0,18,6,1
44,51023.41,0,27926.98,0.0,0,9,11,1
28,52024.73,2,7280.85,0.2799,1,14,29,1
31,52799.99,1,16702.6,0.3163,1,19,24,1
33,30332.44,0,14917.18,0.0,0,3,27,1
37,34764.14,1,13609.01,0.3915,2,28,12,0
28,34847.56,3,25708.74,2.2132,0,19,21,0
41,39590.28,1,9359.12,0.2364,1,13,17,1
38,53083.79,0,4203.16,0.0,2,4,26,0
50,49442.77,3,15159.96,0.9198,0,28,7,1
38,50628.25,0,11801.39,0.0,0,14,5,1
51,65310.29,0,42019.06,0.0,0,14,10,1
58,55333.36,2,20412.06,0.7378,2,26,28,0
52,42872.98,1,11725.28,0.2735,1,24,4,0
31,27241.72,1,6551.11,0.2405,1,15,6,0
45,34281.79,1,500.0,0.0146,1,15,21,0
53,41074.42,1,6798.25,0.1655,2,3,3,0
58,57436.95,3,15919.53,0.8315,0,24,31,0
61,44590.02,1,26418.63,0.5925,1,8,18,0
28,35157.06,2,23973.51,1.3638,2,0,32,0
31,34006.61,0,16832.76,0.0,1,4,0,0
42,43956.33,2,12414.66,0.5649,0,8,7,0
44,58349.81,1,17150.5,0.2939,0,19,31,1
61,68865.29,0,10850.9,0.0,2,4,29,1
37,41913.47,1,28746.91,0.6858,0,3,27,0
32,44328.85,2,13486.48,0.6085,2,28,31,0
52,26790.87,1,14309.3,0.5341,0,15,24,0
35,74087.89,1,500.0,0.0067,2,1,33,0
36,23984.96,1,13436.52,0.5602,1,25,32,0
42,62574.93,1,21691.87,0.3466,1,15,12,0
48,39519.96,0,6458.22,0.0,0,17,24,1
40,36009.5,1,8994.24,0.2498,2,1,9,0
53,28349.95,1,21341.69,0.7528,1,15,30,0
30,81150.73,1,3186.74,0.0393,1,28,10,1
60,48322.37,1,23462.41,0.4855,1,0,24,0
52,45319.21,1,10742.85,0.237,1,15,33,0
53,58300.99,2,11891.45,0.4079,2,2,19,0
22,35237.51,1,6008.97,0.1705,2,14,6,0
53,45027.69,1,18024.37,0.4003,1,29,32,1
53,45845.04,2,34678.98,1.5128,0,10,34,0
61,37317.81,1,21251.98,0.5695,0,9,28,0
33,62994.57,2,8085.72,0.2567,0,16,11,1
50,41720.18,0,24084.96,0.0,0,3,4,1
53,21703.02,1,12466.56,0.5744,1,16,11,0
33,40477.54,0,25995.88,0.0,0,3,28,1
46,48737.68,1,21453.41,0.4402,0,18,34,1
42,31597.6,2,500.0,0.0316,2,24,19,0
59,32781.08,0,6967.36,0.0,1,0,0,0
22,36806.11,1,22555.08,0.6128,2,13,15,0
58,63318.53,2,16213.26,0.5121,2,23,29,0
59,37692.63,1,6809.95,0.1807,1,10,8,0
46,66436.76,2,9931.28,0.299,0,24,9,1
35,35775.74,1,500.0,0.014,0,27,12,1
54,49875.21,1,14293.01,0.2866,0,6,19,1
62,38306.36,1,32685.52,0.8532,0,16,28,0
64,56311.25,0,21439.47,0.0,1,3,3,1
60,28225.89,0,32523.34,0.0,0,9,27,1
31,56142.89,0,22059.18,0.0,3,16,12,0
23,46708.04,0,23219.83,0.0,4,3,2,0
26,35400.12,2,30792.63,1.7396,0,18,18,0
29,42506.68,0,18018.11,0.0,1,17,27,1
26,68007.82,2,13502.18,0.3971,0,16,18,1
29,47067.67,0,23261.26,0.0,2,5,16,0
59,34459.08,0,26630.72,0.0,4,27,17,0
51,26929.6,0,11160.28,0.0,1,6,17,1
52,52581.06,0,9227.45,0.0,1,5,22,1
61,47937.68,1,16110.85,0.3361,2,24,8,0
32,55425.31,1,21651.99,0.3906,1,11,28,1
28,23066.63,3,21384.73,2.7811,0,8,28,0
28,27416.09,1,3606.66,0.1315,0,17,1,1
48,62203.19,2,30292.85,0.974,0,1,16,0
40,49970.12,2,9870.68,0.3951,1,24,30,1
27,53001.01,0,12879.48,0.0,0,16,27,1
31,30559.69,0,7778.77,0.0,1,20,29,1
40,30285.19,1,36586.63,1.208,0,0,34,0
36,59868.88,1,16936.57,0.2829,0,22,19,1
24,60575.66,1,8192.2,0.1352,0,8,15,1
26,28675.21,1,21911.39,0.7641,0,5,33,0
42,25809.44,2,21153.09,1.6391,0,29,13,0
46,43371.11,0,13498.18,0.0,1,1,25,0
23,33009.77,2,21724.85,1.3162,0,5,19,0
61,32697.35,2,8397.66,0.5136,1,8,23,0
62,26229.33,0,11056.65,0.0,2,2,17,0
34,37973.49,1,500.0,0.0132,1,15,8,1
31,27679.58,1,4408.39,0.1593,0,24,18,1
38,28568.99,1,29461.05,1.0312,1,23,19,0
32,49475.88,1,28131.43,0.5686,2,14,29,0
43,44172.03,0,15526.31,0.0,1,28,25,1
32,52273.18,0,28303.45,0.0,3,11,30,1
33,20264.5,0,13719.4,0.0,1,22,34,1
45,45148.21,0,13052.72,0.0,0,7,2,1
39,76134.56,0,15452.09,0.0,1,25,28,1
56,39415.91,1,14000.63,0.3552,1,5,5,0
28,57371.24,1,13278.43,0.2314,1,2,0,0
49,57240.1,1,24147.18,0.4219,0,22,23,1
52,57977.98,0,16201.09,0.0,0,3,33,1
64,47499.93,1,20699.85,0.4358,1,26,6,1
38,53491.29,3,23251.04,1.304,1,9,10,0
26,55485.2,1,18105.49,0.3263,0,13,10,1
38,54531.69,1,7237.83,0.1327,0,20,19,1
39,28238.73,0,4177.07,0.0,0,23,15,1
42,19389.23,1,16190.25,0.835,2,14,4,0
57,21696.25,1,13629.95,0.6282,1,6,23,0
52,40947.6,1,15699.13,0.3834,0,6,29,1
61,53908.9,1,14871.57,0.2759,0,7,29,1
23,28433.83,1,35668.59,1.2544,1,9,32,0
48,58859.56,2,4358.19,0.1481,0,18,19,1
30,37465.87,2,500.0,0.0267,0,18,21,1
55,37608.67,1,17659.01,0.4695,1,1,20,0
49,32458.4,2,11988.62,0.7387,0,14,26,0
35,16728.2,0,17528.54,0.0,0,0,34,1
53,48439.71,1,19671.06,0.4061,0,9,5,1
27,70690.02,1,25272.84,0.3575,0,5,31,1
32,44060.03,2,2942.19,0.1336,1,21,15,1
50,17240.53,2,10546.26,1.2234,1,12,27,0
41,56705.14,0,18430.09,0.0,1,9,15,1
51,20628.03,0,21163.71,0.0,0,11,26,1
44,26864.48,0,32547.6,0.0,1,23,2,1
40,41424.93,1,22645.63,0.5467,1,29,20,1
57,46842.65,0,14545.69,0.0,3,5,29,0
24,29870.04,1,7876.51,0.2637,1,5,21,0
48,40840.26,1,10485.68,0.2567,2,0,18,0
64,55727.44,0,10258.38,0.0,1,11,30,1
40,57782.68,1,20241.87,0.3503,1,22,19,1
44,63771.85,3,17055.98,0.8023,0,22,18,1
52,73641.28,3,4410.8,0.1797,1,9,1,0
61,57148.34,0,11512.79,0.0,1,24,26,1
56,41748.95,0,22020.38,0.0,0,13,7,1
54,57889.71,1,17813.3,0.3077,0,14,26,1
56,52000.74,1,19549.16,0.3759,1,27,14,1
22,52595.5,1,18063.37,0.3434,2,22,11,0
35,47658.28,1,28011.45,0.5877,0,23,13,1
54,31319.19,1,16888.34,0.5392,1,3,6,0
56,29578.55,3,11911.82,1.2081,0,24,16,0
26,43543.23,1,7673.96,0.1762,0,29,25,1
59,47233.65,1,16996.88,0.3598,2,0,19,0
62,34808.39,3,500.0,0.0431,0,7,9,1
32,51350.13,0,13525.69,0.0,3,2,18,0
23,76211.49,0,13353.28,0.0,3,13,17,0
38,18835.04,1,4084.23,0.2168,1,16,29,1
60,53733.67,0,7573.87,0.0,0,1,29,1
41,44010.38,1,21477.26,0.488,1,14,24,0
35,51759.83,0,16845.69,0.0,1,5,23,0
53,38539.28,0,15814.31,0.0,1,4,9,0
55,42809.1,0,17450.78,0.0,2,13,1,1
46,46942.51,3,15741.02,1.006,1,18,31,0
28,40475.49,0,24942.9,0.0,0,8,34,1
56,22191.88,2,15987.43,1.4408,0,7,6,0
50,41491.27,4,3334.3,0.3214,0,28,6,1
43,23753.5,0,28041.04,0.0,1,2,26,1
62,54797.9,1,17962.72,0.3278,1,17,9,0
64,17016.82,2,10285.97,1.2088,1,7,32,0
34,60429.82,2,4972.79,0.1646,2,15,6,0
34,51443.45,1,18167.31,0.3531,0,29,5,1
22,51500.83,0,14062.62,0.0,1,14,5,1
57,12535.35,1,27593.17,2.2011,0,20,12,0
25,40071.01,0,12232.74,0.0,0,14,12,1
58,62303.45,0,8300.95,0.0,0,15,1,1
61,37220.88,2,22166.37,1.191,1,24,18,0
34,28829.07,2,22402.26,1.5541,0,0,18,0
59,35449.95,2,16349.21,0.9224,0,9,1,0
45,43975.84,1,20410.86,0.4641,0,18,25,1
40,32229.44,1,14698.5,0.456,1,4,5,0
22,63507.26,2,16870.92,0.5313,0,17,19,1
59,44029.99,0,24319.93,0.0,1,2,22,1
26,36666.46,2,20002.55,1.091,1,3,14,0
37,25479.85,1,13645.8,0.5355,1,3,5,0
45,52266.7,3,25818.9,1.4819,0,10,27,0
48,51924.99,1,500.0,0.0096,0,8,34,1
22,33116.87,2,31416.59,1.8973,0,0,10,0
55,11455.06,2,1352.33,0.2361,2,27,7,0
57,51161.43,1,9983.26,0.1951,0,24,23,1
25,42197.95,0,14672.66,0.0,3,15,20,0
21,50041.07,1,13828.15,0.2763,1,8,6,0
60,74357.62,0,23051.29,0.0,0,10,4,1
32,44597.52,1,6537.31,0.1466,0,5,28,1
56,37292.42,2,17086.13,0.9163,1,26,15,0
43,27790.17,0,10374.3,0.0,1,16,5,1
51,40313.67,2,17361.13,0.8613,0,26,13,0
31,47408.66,1,14481.82,0.3055,1,28,1,1
30,45799.61,1,15743.49,0.3437,0,11,24,1
23,70851.98,0,10600.6,0.0,1,21,30,1
34,52486.28,0,10919.49,0.0,3,7,12,0
36,42977.99,3,17298.18,1.2074,0,15,17,0
30,34401.59,1,22549.72,0.6555,1,4,16,0
49,49000.09,1,10213.77,0.2084,0,20,27,1
30,31394.88,1,8049.86,0.2564,0,0,11,1
32,47697.47,1,19907.68,0.4174,0,16,34,1
50,52311.21,1,14739.97,0.2818,1,23,21,0
61,41753.22,1,21643.99,0.5184,1,28,0,0
21,35545.7,1,7753.62,0.2181,1,20,20,1
25,12220.55,1,764.49,0.0626,0,7,0,0
40,62157.55,3,10735.97,0.5182,1,9,3,0
28,51049.51,2,8869.18,0.3475,0,17,31,1
63,51414.26,1,14369.69,0.2795,1,14,0,0
32,21579.71,0,9905.24,0.0,0,19,12,1
21,65697.58,0,20928.14,0.0,0,12,16,1
40,38021.75,0,12694.8,0.0,0,26,11,1
48,40668.07,4,16203.8,1.5937,2,29,6,0
63,28960.7,3,16261.08,1.6844,1,9,2,0
57,18195.81,3,16559.64,2.7301,3,8,25,0
57,62360.19,0,14806.97,0.0,1,12,30,1
32,64298.96,1,19084.81,0.2968,1,2,25,1
57,42517.08,3,8634.76,0.6093,0,21,2,1
64,34809.23,2,26195.34,1.505,1,26,27,0
48,39344.34,2,13107.7,0.6663,1,22,16,0
35,39755.78,1,4507.61,0.1134,0,2,29,0
26,27002.1,2,16504.59,1.2224,0,0,1,0
64,40616.17,0,8190.56,0.0,0,1,7,1
40,47296.53,1,20322.68,0.4297,0,10,13,0
34,60272.36,0,32676.84,0.0,1,13,34,1
22,45213.66,1,8707.42,0.1926,1,9,10,0
29,21354.72,1,17658.98,0.8269,1,6,14,0
57,50303.22,1,955.96,0.019,1,22,1,1
40,41161.04,0,18631.24,0.0,0,27,31,1
46,65556.15,0,7914.29,0.0,0,0,12,1
49,66441.87,2,10001.32,0.3011,0,25,16,1
21,66966.81,3,6189.71,0.2773,0,6,14,1
55,36576.18,1,20857.21,0.5702,1,14,32,0
26,74847.83,2,23058.43,0.6161,4,25,15,0
57,50264.14,0,15187.08,0.0,1,10,12,1
25,69395.71,0,8084.59,0.0,3,5,21,0
53,37460.71,2,27716.18,1.4797,1,26,22,0
34,40521.05,1,8996.72,0.222,0,21,9,1
32,49110.41,1,500.0,0.0102,1,6,16,0
62,47278.16,1,18667.11,0.3948,1,6,29,1
40,63822.18,2,6161.8,0.1931,1,0,12,0
44,41518.06,2,22908.87,1.1035,3,9,29,0
63,62469.22,1,11950.9,0.1913,1,20,29,1
54,55983.52,3,19829.71,1.0626,0,14,6,0
45,41799.12,1,26212.0,0.6271,0,29,9,1
49,54820.15,1,5329.13,0.0972,1,29,34,1
59,37901.02,0,10472.5,0.0,2,7,1,0
51,80253.09,1,14394.63,0.1794,1,23,29,1
63,10000.0,0,27300.41,0.0,1,18,18,1
43,55094.15,3,9732.94,0.53,1,2,2,0
64,18531.06,1,10243.97,0.5528,0,22,24,1
58,41615.15,0,18825.12,0.0,0,14,33,1
40,43715.88,1,10382.17,0.2375,0,3,21,1
43,67614.5,0,16220.21,0.0,0,5,13,1
36,34617.72,0,2587.7,0.0,0,24,1,1
62,64620.18,0,32714.64,0.0,1,9,31,1
28,27317.75,0,4218.33,0.0,2,17,2,0
41,65200.05,1,12425.98,0.1906,2,15,7,0
21,37884.82,0,14740.15,0.0,1,17,25,1
28,46101.52,0,30301.51,0.0,2,5,31,0
49,39954.32,2,4401.23,0.2203,1,18,10,0
52,64235.45,2,30869.63,0.9611,0,16,0,0
58,61316.1,0,21057.41,0.0,0,17,14,1
25,51652.53,1,18336.76,0.355,3,29,3,0
42,27721.97,1,7122.93,0.2569,1,12,3,0
54,34274.67,1,19569.13,0.5709,0,6,27,0
21,29571.35,0,9212.11,0.0,1,19,9,1
46,11277.86,2,25133.29,4.4567,0,11,10,0
63,63919.77,1,7231.5,0.1131,1,1,22,1
30,40082.65,0,14094.73,0.0,0,26,2,1
50,39922.59,0,10557.82,0.0,0,11,16,1
38,67441.53,1,7099.82,0.1053,0,11,21,1
37,37860.17,0,20930.56,0.0,0,23,26,1
46,32392.94,1,19283.67,0.5953,0,3,15,0
28,41628.82,1,24672.08,0.5927,0,3,15,0
60,28009.96,1,761.0,0.0272,1,17,2,1
32,50165.34,1,23513.37,0.4687,2,15,32,0
47,39395.07,2,35043.59,1.779,0,13,1,0
28,37390.93,0,11386.87,0.0,1,16,26,1
45,36091.45,2,30161.19,1.6713,0,16,14,0
24,43406.68,1,12894.71,0.2971,0,2,6,1
53,46252.22,2,4020.72,0.1739,1,5,8,0
21,37200.37,2,12554.94,0.675,2,22,5,0
39,39618.51,0,23385.63,0.0,0,12,11,1
51,43777.16,3,8294.59,0.5684,0,8,29,0
36,42263.73,0,10197.29,0.0,0,20,19,1
34,45466.14,2,19748.32,0.8687,0,8,19,0
25,34849.94,1,15024.48,0.4311,0,7,26,0
61,60068.89,1,19676.98,0.3276,0,16,19,1
46,46452.42,5,16902.64,1.8193,0,15,6,0
48,37442.3,1,18837.0,0.5031,0,15,29,1
22,50165.76,1,11541.59,0.2301,3,26,7,0
26,43884.47,3,16853.85,1.1521,1,27,1,0
29,18992.6,0,7581.02,0.0,0,18,13,1
53,50114.29,1,25307.47,0.505,0,23,9,1
61,29707.41,1,9925.8,0.3341,2,15,17,0
45,59016.42,1,24030.78,0.4072,0,24,17,1
33,41373.76,2,13131.14,0.6347,0,13,15,1
29,56701.05,0,16615.99,0.0,0,19,4,1
33,35546.72,0,11040.28,0.0,0,13,30,1
51,46048.94,2,6872.04,0.2985,0,13,19,1
61,63153.65,1,1041.92,0.0165,1,13,22,1
31,40964.75,1,6557.41,0.1601,0,11,31,1
24,36137.74,2,12408.73,0.6867,0,5,16,0
54,54825.61,1,16695.03,0.3045,0,19,12,1
58,54534.92,2,23083.03,0.8465,1,12,12,0
24,36768.76,0,11433.94,0.0,4,15,16,0
58,15218.08,3,7944.31,1.566,1,8,14,0
39,35849.66,0,3458.28,0.0,2,1,25,0
26,55160.39,3,18840.51,1.0247,4,21,27,0
54,33374.49,0,26065.56,0.0,2,26,29,1
38,44835.93,2,25130.64,1.121,2,28,34,0
33,35137.73,1,20679.46,0.5885,0,2,21,0
61,16017.49,0,20108.35,0.0,2,9,9,0
43,34867.78,0,28580.99,0.0,0,19,10,1
